date,cbp_intake,cbp_active_load,cbp_to_hhs_transfers,hhs_active_load,hhs_discharges,flag_transfers_exceed_cbp_load,flag_discharges_exceed_hhs_load,is_anomalous,is_missing_report,total_system_load,net_daily_intake,care_load_growth_rate_pct,discharge_offset_ratio,total_load_roll_avg_7d,total_load_roll_std_7d,net_intake_roll_avg_7d,total_load_roll_avg_14d,total_load_roll_std_14d,net_intake_roll_avg_14d,backlog_streak_days,backlog_rolling_sum_14d,is_backlog_accumulating,load_zscore,system_regime
2023-01-12,33.0,53.0,34.0,6566.0,436.0,False,False,False,False,6619.0,-402.0,,12.823529411764707,6619.0,,-402.0,6619.0,,-402.0,0,-402.0,False,,Normal
2023-01-13,,,,,,False,False,False,True,,,0.0,,6619.0,,-402.0,6619.0,,-402.0,0,-402.0,False,,Normal
2023-01-14,,,,,,False,False,False,True,,,0.0,,6619.0,,-402.0,6619.0,,-402.0,0,-402.0,False,,Normal
2023-01-15,,,,,,False,False,False,True,,,0.0,,6619.0,,-402.0,6619.0,,-402.0,0,-402.0,False,,Normal
2023-01-16,,,,,,False,False,False,True,,,0.0,,6619.0,,-402.0,6619.0,,-402.0,0,-402.0,False,,Normal
2023-01-17,,,,,,False,False,False,True,,,0.0,,6619.0,,-402.0,6619.0,,-402.0,0,-402.0,False,,Normal
2023-01-18,,,,,,False,False,False,True,,,0.0,,6619.0,,-402.0,6619.0,,-402.0,0,-402.0,False,,Normal
2023-01-19,,,,,,False,False,False,True,,,0.0,,,,,6619.0,,-402.0,0,-402.0,False,,Normal
2023-01-20,,,,,,False,False,False,True,,,0.0,,,,,6619.0,,-402.0,0,-402.0,False,,Normal
2023-01-21,,,,,,False,False,False,True,,,0.0,,,,,6619.0,,-402.0,0,-402.0,False,,Normal
2023-01-22,32.0,49.0,39.0,7122.0,227.0,False,False,False,False,7171.0,-188.0,8.339628342649942,5.82051282051282,7171.0,,-188.0,6895.0,390.32294321497426,-295.0,0,-590.0,False,,Normal
2023-01-23,32.0,50.0,39.0,7280.0,181.0,False,False,False,False,7330.0,-142.0,2.2172639799191263,4.641025641025641,7250.5,112.42997820866105,-165.0,7040.0,373.16350303854745,-244.0,0,-732.0,False,,Normal
2023-01-24,47.0,42.0,47.0,7433.0,175.0,True,False,True,False,7475.0,-128.0,1.9781718963165051,3.723404255319149,7325.333333333333,152.05371857778871,-152.66666666666666,7148.75,374.3531087088766,-215.0,0,-860.0,False,,Normal
2023-01-25,20.0,22.0,41.0,7538.0,180.0,True,False,True,False,7560.0,-139.0,1.1371237458194017,4.390243902439025,7384.0,170.823495651701,-149.25,7231.0,372.7338192329749,-199.8,0,-999.0,False,,Normal
2023-01-26,,,,,,False,False,False,True,,,0.0,,7384.0,170.823495651701,-149.25,7384.0,170.82349565170088,-149.25,0,-597.0,False,,Normal
2023-01-27,,,,,,False,False,False,True,,,0.0,,7384.0,170.823495651701,-149.25,7384.0,170.82349565170088,-149.25,0,-597.0,False,,Normal
2023-01-28,,,,,,False,False,False,True,,,0.0,,7384.0,170.823495651701,-149.25,7384.0,170.82349565170088,-149.25,0,-597.0,False,1.1077944916960305,Stress
2023-01-29,23.0,45.0,11.0,7472.0,303.0,False,False,False,False,7517.0,-292.0,-0.5687830687830742,27.545454545454547,7470.5,99.88827091639291,-175.25,7410.6,159.44685635032127,-177.8,0,-889.0,False,1.222087928252338,Stress
2023-01-30,34.0,54.0,29.0,7743.0,196.0,False,False,False,False,7797.0,-167.0,3.7248902487694524,6.758620689655173,7587.25,144.07492263865146,-181.5,7475.0,212.65653058394415,-176.0,0,-1056.0,False,1.3797505835586406,Stress
2023-01-31,26.0,36.0,36.0,7803.0,158.0,False,False,False,False,7839.0,-122.0,0.538668718737978,4.388888888888889,7678.25,163.22453859637662,-180.0,7527.0,237.9362659761362,-168.28571428571428,0,-1178.0,False,1.4514562493220893,Stress
2023-02-01,25.0,32.0,27.0,7903.0,231.0,False,False,False,False,7935.0,-204.0,1.2246460007653948,8.555555555555555,7772.0,179.54386650621072,-196.25,7578.0,263.31350136291906,-172.75,0,-1382.0,False,1.5132371737256303,Stress
2023-02-02,15.0,13.0,23.0,7879.0,298.0,True,False,True,False,7892.0,-275.0,-0.5419029615627013,12.956521739130435,7796.0,164.49012128392394,-212.0,7612.888888888889,267.62354364127066,-184.11111111111111,0,-1657.0,False,1.4341053379736608,Stress
2023-02-03,,,,,,False,False,False,True,,,0.0,,7796.0,164.49012128392394,-212.0,7612.888888888889,267.62354364127066,-184.11111111111111,0,-1657.0,False,1.3294388815043559,Stress
2023-02-04,,,,,,False,False,False,True,,,0.0,,7796.0,164.49012128392394,-212.0,7612.888888888889,267.62354364127066,-184.11111111111111,0,-1657.0,False,1.245044092345355,Stress
2023-02-05,16.0,18.0,15.0,7586.0,342.0,False,False,False,False,7604.0,-327.0,-3.6492650785605707,22.8,7813.4,128.19633380093202,-219.0,7661.0,211.23446688454987,-199.55555555555554,0,-1796.0,False,1.207763973692814,Stress
2023-02-06,11.0,22.0,12.0,7720.0,196.0,False,False,False,False,7742.0,-184.0,1.8148342977380327,16.333333333333332,7802.4,132.25089791755664,-222.4,7706.777777777777,171.4276653415208,-204.22222222222223,0,-1838.0,False,1.1243037739282538,Stress
2023-02-07,16.0,20.0,20.0,7855.0,200.0,False,False,False,False,7875.0,-180.0,1.7179023508137492,10.0,7809.6,135.67719041902353,-234.0,7751.222222222223,154.87880566573483,-210.0,0,-1890.0,False,1.0861816935011512,Stress
2023-02-08,93.0,196.0,169.0,7915.0,317.0,False,False,False,False,8111.0,-148.0,2.9968253968253977,1.8757396449704142,7844.8,188.78214957987944,-222.8,7812.444444444444,177.1440876173342,-211.0,0,-1899.0,False,1.1065579210166747,Stress
2023-02-09,124.0,234.0,161.0,7908.0,353.0,False,False,False,False,8142.0,-192.0,0.3821970163974786,2.1925465838509317,7894.8,232.4622550006774,-206.2,7845.4,196.8604694814184,-209.1,0,-2091.0,False,1.1543229059646305,Stress
2023-02-10,,,,,,False,False,False,True,,,0.0,,7894.8,232.4622550006774,-206.2,7845.4,196.8604694814184,-209.1,0,-2091.0,False,1.1055673063613154,Stress
2023-02-11,,,,,,False,False,False,True,,,0.0,,7894.8,232.4622550006774,-206.2,7845.4,196.8604694814184,-209.1,0,-2091.0,False,1.0625736735102298,Stress
2023-02-12,92.0,203.0,173.0,7434.0,317.0,False,False,False,False,7637.0,-144.0,-6.202407270940801,1.8323699421965318,7901.4,222.3922210869794,-169.6,7857.4,177.30400760025458,-194.3,0,-1943.0,False,1.0367488209205435,Stress
2023-02-13,186.0,259.0,172.0,7483.0,244.0,False,False,False,False,7742.0,-72.0,1.3748854262144894,1.4186046511627908,7901.4,222.3922210869794,-147.2,7851.9,180.21496423253356,-184.8,0,-1848.0,False,1.001516976841538,Stress
2023-02-14,154.0,225.0,220.0,7794.0,223.0,False,False,False,False,8019.0,-3.0,3.577886850942913,1.0136363636363637,7930.2,227.3866750713417,-111.8,7869.9,187.62045020022035,-172.9,0,-1729.0,False,1.024401626355524,Stress
2023-02-15,91.0,199.0,172.0,7869.0,290.0,False,False,False,False,8068.0,-118.0,0.6110487591969083,1.686046511627907,7921.6,219.51605863808666,-105.8,7883.2,197.21663215864945,-164.3,0,-1643.0,False,0.9757488989736232,Normal
2023-02-16,81.0,213.0,153.0,7793.0,361.0,False,False,False,False,8006.0,-208.0,-0.7684680218145723,2.3594771241830066,7894.4,192.09190508712214,-109.0,7894.6,201.03963125049094,-157.6,0,-1576.0,False,0.895097436818248,Normal
2023-02-17,,,,,,False,False,False,True,,,0.0,,7894.4,192.09190508712214,-109.0,7894.6,201.03963125049094,-157.6,0,-1576.0,False,0.8717129556656975,Normal
2023-02-18,,,,,,False,False,False,True,,,0.0,,7894.4,192.09190508712214,-109.0,7894.6,201.03963125049094,-157.6,0,-1576.0,False,0.8500863731885588,Normal
2023-02-19,,,,,,False,False,False,True,,,0.0,,7958.75,146.94528460167282,-100.25,7926.888888888889,183.68481459040427,-138.77777777777777,0,-1249.0,False,0.9556987368526494,Normal
2023-02-20,209.0,285.0,184.0,7817.0,209.0,False,False,False,False,8102.0,-25.0,1.1991006744941357,1.1358695652173914,8048.75,44.41752657078761,-88.5,7966.888888888889,177.48270651280706,-121.11111111111111,0,-1090.0,False,1.105642366701263,Stress
2023-02-21,184.0,314.0,217.0,7967.0,213.0,False,False,False,False,8281.0,4.0,2.209331029375461,0.9815668202764977,8114.25,118.0575424669397,-86.75,8012.0,201.21754396672299,-100.66666666666667,2,-906.0,False,1.19903356594111,Stress
2023-02-22,107.0,215.0,230.0,7978.0,232.0,True,False,True,False,8193.0,-2.0,-1.0626735901461126,1.008695652173913,8145.5,118.27792129838346,-57.75,8021.111111111111,208.00267092302252,-84.44444444444444,0,-760.0,False,1.2213238489430196,Stress
2023-02-23,101.0,162.0,178.0,7914.0,386.0,True,False,True,False,8076.0,-208.0,-1.42804833394361,2.168539325842697,8163.0,93.29880313630284,-57.75,8013.777777777777,204.3390428783607,-86.22222222222223,0,-776.0,False,1.2168333498097421,Stress
2023-02-24,,,,,,False,False,False,True,,,0.0,,8163.0,93.29880313630284,-57.75,8013.777777777777,204.3390428783607,-86.22222222222223,0,-776.0,False,1.180611821312666,Stress
2023-02-25,,,,,,False,False,False,True,,,0.0,,8163.0,93.29880313630284,-57.75,8013.777777777777,204.3390428783607,-86.22222222222223,0,-776.0,False,1.1474662088901335,Stress
2023-02-26,99.0,190.0,176.0,7609.0,323.0,False,False,False,False,7799.0,-147.0,-3.42991579990094,1.8352272727272727,8090.2,181.73524699408182,-75.6,8031.777777777777,171.49619367334233,-86.55555555555556,0,-779.0,False,0.97987505120606,Normal
2023-02-27,167.0,239.0,166.0,7800.0,248.0,False,False,False,False,8039.0,-82.0,3.077317604821128,1.4939759036144578,8077.6,182.89286481434954,-87.0,8064.777777777777,133.02610437220414,-87.66666666666667,0,-789.0,False,0.9343486905493871,Normal
2023-02-28,115.0,216.0,169.0,7896.0,200.0,False,False,False,False,8112.0,-31.0,0.9080731434258027,1.183431952662722,8043.8,148.2386589253962,-94.0,8075.111111111111,132.63714076800366,-90.77777777777777,0,-817.0,False,0.8504666207707655,Normal
2023-03-01,84.0,158.0,193.0,7930.0,307.0,True,False,True,False,8088.0,-114.0,-0.295857988165682,1.5906735751295338,8022.8,127.85421385312239,-116.4,8077.333333333333,132.67064483147774,-90.33333333333333,0,-813.0,False,0.7942135010005721,Normal
2023-03-02,130.0,227.0,192.0,7870.0,335.0,False,False,False,False,8097.0,-143.0,0.1112759643916883,1.7447916666666667,8027.0,130.35911935879267,-103.4,8087.444444444444,129.99529906030406,-83.11111111111111,0,-748.0,False,0.7887166548481657,Normal
2023-03-03,,,,,,False,False,False,True,,,0.0,,8027.0,130.35911935879267,-103.4,8087.444444444444,129.99529906030406,-83.11111111111111,0,-748.0,False,0.775516669098256,Normal
2023-03-04,,,,,,False,False,False,True,,,0.0,,8027.0,130.35911935879267,-103.4,8087.444444444444,129.99529906030406,-83.11111111111111,0,-748.0,False,0.7629620377843727,Normal
2023-03-05,,,,,,False,False,False,True,,,0.0,,8084.0,31.591137997861708,-92.5,8087.444444444444,129.99529906030406,-83.11111111111111,0,-748.0,False,0.8630582731726147,Normal
2023-03-06,,,,,,False,False,False,True,,,0.0,,8099.0,12.12435565297854,-96.0,8085.625,138.84825993045217,-90.375,0,-723.0,False,0.8779224563528929,Normal
2023-03-07,88.0,214.0,160.0,7859.0,259.0,False,False,False,False,8073.0,-99.0,-0.2964060763245624,1.61875,8086.0,12.12435565297854,-118.66666666666667,8059.625,114.3502607905083,-103.25,0,-826.0,False,0.8374549824283732,Normal
2023-03-08,113.0,208.0,159.0,7885.0,291.0,False,False,False,False,8093.0,-132.0,0.24773937817414993,1.830188679245283,8087.666666666667,12.858201014653831,-124.66666666666667,8047.125,102.54398011167196,-119.5,0,-956.0,False,0.8274334211602564,Normal
2023-03-09,174.0,285.0,150.0,7786.0,340.0,False,False,False,False,8071.0,-190.0,-0.27183986160880247,2.2666666666666666,8079.0,12.165525060592888,-140.33333333333334,8046.5,102.35791545915232,-117.25,0,-938.0,False,0.7973771735266567,Normal
2023-03-10,,,,,,False,False,False,True,,,0.0,,8079.0,12.165525060592888,-140.33333333333334,8046.5,102.35791545915232,-117.25,0,-938.0,False,0.7856174710307332,Normal
2023-03-11,,,,,,False,False,False,True,,,0.0,,8079.0,12.165525060592888,-140.33333333333334,8046.5,102.35791545915232,-117.25,0,-938.0,False,0.7743659853849143,Normal
2023-03-12,,,,,,False,False,False,True,,,0.0,,8079.0,12.165525060592888,-140.33333333333334,8081.857142857143,23.56854239184759,-113.0,0,-791.0,False,0.7635870300425769,Normal
2023-03-13,104.0,230.0,206.0,7567.0,249.0,False,False,False,False,7797.0,-43.0,-3.3948705240986254,1.2087378640776698,8008.5,141.34944876675894,-116.0,8047.285714285715,111.26052652178537,-107.42857142857143,0,-752.0,False,0.6098675317447686,Normal
2023-03-14,147.0,276.0,214.0,7810.0,181.0,False,False,False,False,8086.0,33.0,3.70655380274465,0.8457943925233645,8011.75,143.46050559881144,-83.0,8043.571428571428,109.15410687472642,-98.28571428571429,2,-688.0,False,0.6095027673543006,Normal
2023-03-15,108.0,220.0,213.0,7915.0,286.0,False,False,False,False,8135.0,-73.0,0.6059856542171671,1.3427230046948357,8022.25,152.63327509644353,-68.25,8050.285714285715,113.69361501526043,-92.42857142857143,0,-647.0,False,0.6242501611462395,Normal
2023-03-16,180.0,280.0,146.0,7989.0,308.0,False,False,False,False,8269.0,-162.0,1.647203441917644,2.1095890410958904,8071.75,198.82886276058264,-61.25,8074.857142857143,140.82190711607953,-95.14285714285714,0,-666.0,False,0.7196615124499408,Normal
2023-03-17,,,,,,False,False,False,True,,,0.0,,8071.75,198.82886276058264,-61.25,8074.857142857143,140.82190711607953,-95.14285714285714,0,-666.0,False,0.7109177298592296,Normal
2023-03-18,,,,,,False,False,False,True,,,0.0,,8071.75,198.82886276058264,-61.25,8074.857142857143,140.82190711607953,-95.14285714285714,0,-666.0,False,0.702486555953991,Normal
2023-03-19,134.0,294.0,186.0,7885.0,306.0,False,False,False,False,8179.0,-120.0,-1.0884024670455905,1.6451612903225807,8093.2,178.746188770558,-73.0,8087.875,135.47528767797013,-98.25,0,-786.0,False,0.7392611165756547,Normal
2023-03-20,202.0,313.0,158.0,7931.0,279.0,False,False,False,False,8244.0,-121.0,0.7947181807066883,1.7658227848101267,8182.6,75.57314337778978,-88.6,8105.222222222223,136.99523511584133,-100.77777777777777,0,-907.0,False,0.9176834833803196,Normal
2023-03-21,110.0,272.0,193.0,8050.0,221.0,False,False,False,False,8322.0,-28.0,0.9461426491994107,1.145077720207254,8229.8,73.83562825628276,-100.8,8132.888888888889,153.78836468052896,-92.88888888888889,0,-836.0,False,1.0033922819340582,Stress
2023-03-22,166.0,277.0,229.0,8097.0,246.0,False,False,False,False,8374.0,-17.0,0.6248497957221932,1.074235807860262,8277.6,74.48019871079823,-89.6,8164.111111111111,172.11075245640936,-80.11111111111111,0,-721.0,False,1.087790579204878,Stress
2023-03-23,136.0,276.0,178.0,8102.0,331.0,False,False,False,False,8378.0,-153.0,0.04776689754000252,1.8595505617977528,8299.4,86.34118368426506,-87.8,8198.222222222223,181.51568649691086,-76.0,0,-684.0,False,1.1155930738721285,Stress
2023-03-24,,,,,,False,False,False,True,,,0.0,,8299.4,86.34118368426506,-87.8,8198.222222222223,181.51568649691086,-76.0,0,-684.0,False,1.0975985037667897,Stress
2023-03-25,,,,,,False,False,False,True,,,0.0,,8299.4,86.34118368426506,-87.8,8198.222222222223,181.51568649691086,-76.0,0,-684.0,False,1.0804514213939158,Stress
2023-03-26,87.0,246.0,173.0,7847.0,352.0,False,False,False,False,8093.0,-179.0,-3.4017665313917367,2.0346820809248554,8282.2,118.79057201646962,-99.6,8187.7,174.33941990649632,-86.3,0,-863.0,False,1.028531188280872,Stress
2023-03-27,84.0,171.0,157.0,7994.0,235.0,False,False,False,False,8165.0,-78.0,0.8896577289015273,1.4968152866242037,8266.4,129.8780196954051,-91.0,8224.5,109.48084561034396,-89.8,0,-898.0,False,0.9812078060596802,Normal
2023-03-28,167.0,209.0,157.0,8079.0,223.0,False,False,False,False,8288.0,-66.0,1.5064298836497292,1.4203821656050954,8259.6,127.09956726912971,-98.6,8244.7,99.24386351026916,-99.7,0,-997.0,False,0.9539897137253667,Normal
2023-03-29,109.0,245.0,159.0,8208.0,267.0,False,False,False,False,8453.0,-108.0,1.9908301158301223,1.679245283018868,8275.4,148.0584344102019,-116.8,8276.5,110.49710906223619,-103.2,0,-1032.0,False,0.9745897987448585,Normal
2023-03-30,156.0,256.0,176.0,8158.0,359.0,False,False,False,False,8414.0,-183.0,-0.4613746598840618,2.039772727272727,8282.6,155.00741917727692,-122.8,8291.0,118.61890424567704,-105.3,0,-1053.0,False,0.9769677855016718,Normal
2023-03-31,,,,,,False,False,False,True,,,0.0,,8282.6,155.00741917727692,-122.8,8291.0,118.61890424567704,-105.3,0,-1053.0,False,0.9644865494940538,Normal
2023-04-01,,,,,,False,False,False,True,,,0.0,,8282.6,155.00741917727692,-122.8,8291.0,118.61890424567704,-105.3,0,-1053.0,False,0.952473761970745,Normal
2023-04-02,125.0,232.0,192.0,7981.0,304.0,False,False,False,False,8213.0,-112.0,-2.388875683384839,1.5833333333333333,8306.6,124.6246364086974,-109.4,8294.4,115.49814813330512,-104.5,0,-1045.0,False,0.9908960025584888,Normal
2023-04-03,118.0,139.0,168.0,8054.0,284.0,True,False,True,False,8193.0,-116.0,-0.24351637647631597,1.6904761904761905,8312.2,117.07134576829651,-117.0,8289.3,119.04252274806213,-104.0,0,-1040.0,False,0.9902061693966506,Normal
2023-04-04,142.0,235.0,139.0,8068.0,259.0,False,False,False,False,8303.0,-120.0,1.3426095447333086,1.8633093525179856,8315.2,116.48690913574809,-127.8,8287.4,118.61347122294421,-113.2,0,-1132.0,False,0.9842754262599421,Normal
2023-04-05,148.0,245.0,175.0,8175.0,260.0,False,False,False,False,8420.0,-85.0,1.4091292303986425,1.4857142857142858,8308.6,107.30004659831259,-123.2,8292.0,123.15031465652315,-120.0,0,-1200.0,False,0.9586215571668014,Normal
2023-04-06,119.0,219.0,210.0,8178.0,284.0,False,False,False,False,8397.0,-74.0,-0.2731591448931092,1.3523809523809525,8305.2,103.32085946216303,-101.4,8293.9,124.76061522416339,-112.1,0,-1121.0,False,0.9403690678156756,Normal
2023-04-07,,,,,,False,False,False,True,,,0.0,,8305.2,103.32085946216303,-101.4,8293.9,124.76061522416339,-112.1,0,-1121.0,False,0.9297559627414287,Normal
2023-04-08,,,,,,False,False,False,True,,,0.0,,8305.2,103.32085946216303,-101.4,8293.9,124.76061522416339,-112.1,0,-1121.0,False,0.9194956483555596,Normal
2023-04-09,105.0,210.0,149.0,7900.0,329.0,False,False,False,False,8110.0,-180.0,-3.4178873407169186,2.208053691275168,8284.6,132.45867280023623,-115.0,8295.6,121.79965334743858,-112.2,0,-1122.0,False,0.8663256387237638,Normal
2023-04-10,143.0,203.0,163.0,7826.0,265.0,False,False,False,False,8029.0,-102.0,-0.998766954377317,1.6257668711656441,8251.8,174.4583044741636,-112.2,8282.0,143.63766141850985,-114.6,0,-1146.0,False,0.7884480938893803,Normal
2023-04-11,119.0,209.0,152.0,7922.0,187.0,False,False,False,False,8131.0,-35.0,1.2703948187819059,1.230263157894737,8217.4,178.74367121663346,-95.2,8266.3,151.28563859284606,-111.5,0,-1115.0,False,0.7083258904255236,Normal
2023-04-12,155.0,212.0,181.0,7876.0,283.0,False,False,False,False,8088.0,-102.0,-0.5288402410527637,1.5635359116022098,8151.0,142.69723192830313,-98.6,8229.8,145.14268841385365,-110.9,0,-1109.0,False,0.5511165910552526,Normal
2023-04-13,109.0,214.0,173.0,7795.0,370.0,False,False,False,False,8009.0,-197.0,-0.97675568743818,2.138728323699422,8073.4,52.41469259663675,-123.2,8189.3,144.53684651327222,-112.3,0,-1123.0,False,0.35640111160795285,Normal
2023-04-14,,,,,,False,False,False,True,,,0.0,,8073.4,52.41469259663675,-123.2,8189.3,144.53684651327222,-112.3,0,-1123.0,False,0.336015153020185,Normal
2023-04-15,,,,,,False,False,False,True,,,0.0,,8073.4,52.41469259663675,-123.2,8189.3,144.53684651327222,-112.3,0,-1123.0,False,0.31495549251822136,Normal
2023-04-16,191.0,283.0,192.0,7380.0,272.0,False,False,False,False,7663.0,-80.0,-4.320139842676984,1.4166666666666667,7984.0,185.81980518771383,-103.2,8134.3,219.64569955574999,-109.1,0,-1091.0,False,0.034249268182130914,Normal
2023-04-17,170.0,297.0,196.0,7344.0,248.0,False,False,False,False,7641.0,-52.0,-0.2870938274827095,1.2653061224489797,7906.4,236.44830301780533,-93.2,8079.1,267.4212033478305,-102.7,0,-1027.0,False,-0.26192123262216777,Normal
2023-04-18,152.0,272.0,214.0,7376.0,234.0,False,False,False,False,7648.0,-20.0,0.0916110456746555,1.0934579439252337,7809.8,219.82879702168202,-90.2,8013.6,286.05368571496007,-92.7,0,-927.0,False,-0.7051371949744641,Normal
2023-04-19,239.0,367.0,224.0,7356.0,229.0,False,False,False,False,7723.0,-5.0,0.9806485355648542,1.0223214285714286,7736.8,155.5577063343372,-70.8,7943.9,259.7321055754738,-84.7,0,-847.0,False,-0.9639032934692559,Normal
2023-04-20,113.0,280.0,237.0,7490.0,320.0,False,False,False,False,7770.0,-83.0,0.6085717985238936,1.350210970464135,7689.0,55.6282302432848,-48.0,7881.2,208.90603948506626,-85.6,0,-856.0,False,-1.1257933399050617,Relief
2023-04-21,,,,,,False,False,False,True,,,0.0,,7689.0,55.6282302432848,-48.0,7881.2,208.90603948506626,-85.6,0,-856.0,False,-1.1117034809849886,Relief
2023-04-22,,,,,,False,False,False,True,,,0.0,,7689.0,55.6282302432848,-48.0,7881.2,208.90603948506626,-85.6,0,-856.0,False,-1.1869261746631696,Relief
2023-04-23,196.0,306.0,187.0,7534.0,266.0,False,False,False,False,7840.0,-79.0,0.9009009009008917,1.4224598930481283,7724.4,84.01964056100168,-47.8,7854.2,192.88269319287363,-75.5,0,-755.0,False,-1.1169408589209018,Relief
2023-04-24,236.0,330.0,222.0,7796.0,213.0,False,False,False,False,8126.0,9.0,3.647959183673466,0.9594594594594594,7821.4,184.06466255096322,-35.6,7863.9,204.72553442218012,-64.4,2,-644.0,False,-0.7797507148117966,Normal
2023-04-25,81.0,230.0,242.0,8017.0,202.0,True,False,True,False,8247.0,40.0,1.4890475018459304,0.8347107438016529,7941.2,231.7470603912809,-23.6,7875.5,223.92719550981653,-56.9,3,-569.0,False,-0.315986240299324,Normal
2023-04-26,118.0,245.0,160.0,8117.0,256.0,False,False,False,False,8362.0,-96.0,1.3944464653813604,1.6,8069.0,256.23426780975257,-41.8,7902.9,265.6875566860071,-56.3,0,-563.0,False,0.2176058654889306,Normal
2023-04-27,218.0,283.0,208.0,8159.0,310.0,False,False,False,False,8442.0,-102.0,0.9567089213107005,1.4903846153846154,8203.4,235.60305600734475,-45.6,7946.2,315.5122114206637,-46.8,0,-468.0,False,0.8264302886935756,Normal
2023-04-28,,,,,,False,False,False,True,,,0.0,,8203.4,235.60305600734475,-45.6,7946.2,315.5122114206637,-46.8,0,-468.0,False,0.8259087165706969,Normal
2023-04-29,,,,,,False,False,False,True,,,0.0,,8203.4,235.60305600734475,-45.6,7946.2,315.5122114206637,-46.8,0,-468.0,False,0.8211455244765683,Normal
2023-04-30,132.0,243.0,183.0,8352.0,293.0,False,False,False,False,8595.0,-110.0,1.8123667377398789,1.6010928961748634,8354.4,179.80628465101017,-51.8,8039.4,357.43039726482414,-49.8,0,-498.0,False,1.6036263919570592,Stress
2023-05-01,224.0,315.0,152.0,8492.0,237.0,False,False,False,False,8807.0,-85.0,2.4665503199534644,1.5592105263157894,8490.6,217.51390760133037,-70.6,8156.0,400.602324284598,-53.1,0,-531.0,False,2.2731984956446114,Stress
2023-05-02,167.0,326.0,213.0,8654.0,245.0,False,False,False,False,8980.0,-32.0,1.964346542522999,1.1502347417840375,8637.2,255.9115081429516,-85.0,8289.2,433.05498752724344,-54.3,0,-543.0,False,2.898804406405787,Stress
2023-05-03,209.0,353.0,232.0,8704.0,267.0,False,False,False,False,9057.0,-35.0,0.8574610244988845,1.1508620689655173,8776.2,257.80554687593485,-72.8,8422.6,444.5732535564584,-57.3,0,-573.0,False,3.3623388052863934,Stress
2023-05-04,153.0,253.0,286.0,8790.0,332.0,True,False,True,False,9043.0,-46.0,-0.15457657060836683,1.1608391608391608,8896.4,195.64457569787052,-61.6,8549.9,418.4315820882604,-53.6,0,-536.0,False,3.626989296026595,Stress
2023-05-05,,,,,,False,False,False,True,,,0.0,,8896.4,195.64457569787052,-61.6,8549.9,418.4315820882604,-53.6,0,-536.0,False,3.3693537824761477,Stress
2023-05-06,,,,,,False,False,False,True,,,0.0,,8896.4,195.64457569787052,-61.6,8549.9,418.4315820882604,-53.6,0,-536.0,False,3.1537958561187813,Stress
2023-05-07,180.0,337.0,219.0,8485.0,375.0,False,False,False,False,8822.0,-156.0,-2.4438792436138446,1.7123287671232876,8941.8,119.8903665854759,-70.8,8648.1,341.46952035771517,-61.3,0,-613.0,False,3.1292154693408616,Stress
2023-05-08,133.0,287.0,189.0,8590.0,261.0,False,False,False,False,8877.0,-72.0,0.6234413965087171,1.380952380952381,8955.8,103.12953020352516,-68.2,8723.2,293.0338622829084,-69.4,0,-694.0,False,2.997083108662167,Stress
2023-05-09,187.0,310.0,247.0,8606.0,250.0,False,False,False,False,8916.0,-3.0,0.4393376140588101,1.0121457489878543,8943.0,103.34650453692086,-62.4,8790.1,244.60146724370063,-73.7,0,-737.0,False,2.792763403356696,Stress
2023-05-10,168.0,285.0,210.0,8681.0,304.0,False,False,False,False,8966.0,-94.0,0.56078959174517,1.4476190476190476,8924.8,84.55589867064162,-74.2,8850.5,197.10642923161342,-73.5,0,-735.0,False,2.595380789480251,Stress
2023-05-11,269.0,412.0,204.0,8672.0,392.0,False,False,False,False,9084.0,-188.0,1.3160829801472262,1.9215686274509804,8933.0,99.54396013822127,-102.6,8914.7,147.60762551813843,-82.1,0,-821.0,False,2.503138758718342,Stress
2023-05-12,,,,,,False,False,False,True,,,0.0,,8933.0,99.54396013822127,-102.6,8914.7,147.60762551813843,-82.1,0,-821.0,False,2.395539232128654,Stress
2023-05-13,,,,,,False,False,False,True,,,0.0,,8933.0,99.54396013822127,-102.6,8914.7,147.60762551813843,-82.1,0,-821.0,False,2.2983103480410536,Stress
2023-05-14,100.0,255.0,236.0,8445.0,288.0,False,False,False,False,8700.0,-52.0,-4.227212681638049,1.2203389830508475,8908.6,140.20271038749502,-81.8,8925.2,124.22095010277546,-76.3,0,-763.0,False,2.1395054449584308,Stress
2023-05-15,205.0,294.0,177.0,8571.0,277.0,False,False,False,False,8865.0,-100.0,1.8965517241379404,1.5649717514124293,8906.2,140.97943112383385,-87.4,8931.0,119.34729899653995,-77.8,0,-778.0,False,2.0566980336872263,Stress
2023-05-16,161.0,304.0,211.0,8572.0,272.0,False,False,False,False,8876.0,-61.0,0.12408347433727762,1.2890995260663507,8898.2,141.4185277818993,-99.0,8920.6,119.13409811353404,-80.7,0,-807.0,False,1.9648431337234702,Stress
2023-05-17,57.0,162.0,193.0,8569.0,307.0,True,False,True,False,8731.0,-114.0,-1.6336187471834185,1.5906735751295338,8851.2,151.91346220792894,-103.0,8888.0,122.22565651737452,-88.6,0,-886.0,False,1.7715165047056745,Stress
2023-05-18,80.0,122.0,152.0,8474.0,351.0,True,False,True,False,8596.0,-199.0,-1.5462146374985664,2.3092105263157894,8753.6,117.91225551230852,-105.2,8843.3,139.72596195566825,-103.9,0,-1039.0,False,1.4477381463055905,Stress
2023-05-19,,,,,,False,False,False,True,,,0.0,,8753.6,117.91225551230852,-105.2,8843.3,139.72596195566825,-103.9,0,-1039.0,False,1.4127677489464794,Stress
2023-05-20,,,,,,False,False,False,True,,,0.0,,8753.6,117.91225551230852,-105.2,8843.3,139.72596195566825,-103.9,0,-1039.0,False,1.378378987334303,Stress
2023-05-21,107.0,170.0,133.0,7826.0,343.0,False,False,False,False,7996.0,-210.0,-6.979990693345739,2.5789473684210527,8612.8,363.17172246748476,-136.8,8760.7,302.75514492370013,-109.3,0,-1093.0,False,0.9503402585383959,Normal
2023-05-22,99.0,156.0,139.0,7848.0,240.0,False,False,False,False,8004.0,-101.0,0.10005002501249916,1.7266187050359711,8440.6,414.22916362805717,-137.0,8673.4,381.19729508191847,-112.2,0,-1122.0,False,0.4430984860482349,Normal
2023-05-23,25.0,66.0,94.0,7788.0,246.0,True,False,True,False,7854.0,-152.0,-1.874062968515744,2.617021276595745,8236.2,397.4835845667087,-155.2,8567.2,448.15418973582314,-127.1,0,-1271.0,False,-0.1498725317092601,Normal
2023-05-24,35.0,70.0,53.0,7709.0,276.0,False,False,False,False,7779.0,-223.0,-0.9549274255156615,5.2075471698113205,8045.8,322.0701786878137,-177.0,8448.5,486.35840693874684,-140.0,0,-1400.0,False,-0.694699523722703,Normal
2023-05-25,43.0,73.0,64.0,7546.0,408.0,False,False,False,False,7619.0,-344.0,-2.056819642627583,6.375,7850.4,160.81759853946622,-206.0,8302.0,494.24330490603694,-155.6,0,-1556.0,False,-1.2379645373475248,Relief
2023-05-26,,,,,,False,False,False,True,,,0.0,,7850.4,160.81759853946622,-206.0,8302.0,494.24330490603694,-155.6,0,-1556.0,False,-1.2184500424275007,Relief
2023-05-27,,,,,,False,False,False,True,,,0.0,,7850.4,160.81759853946622,-206.0,8302.0,494.24330490603694,-155.6,0,-1556.0,False,-1.2028753520261213,Relief
2023-05-28,,,,,,False,False,False,True,,,0.0,,7814.0,160.15617378047406,-205.0,8257.777777777777,502.80258993410337,-167.11111111111111,0,-1504.0,False,-1.2872614922336705,Relief
2023-05-29,41.0,60.0,71.0,6996.0,207.0,True,False,True,False,7056.0,-136.0,-7.389421183882394,2.915492957746479,7577.0,360.8961069338411,-213.75,8056.777777777777,584.6393712746732,-171.11111111111111,0,-1540.0,False,-1.900001361230263,Relief
2023-05-30,65.0,83.0,65.0,7046.0,168.0,False,False,False,False,7129.0,-103.0,1.0345804988662222,2.5846153846153848,7395.75,357.44778173415756,-201.5,7862.666666666667,568.4364520331218,-175.77777777777777,0,-1582.0,False,-2.3111872035089576,Relief
2023-05-31,38.0,80.0,82.0,7053.0,210.0,True,False,True,False,7133.0,-128.0,0.05610885117126596,2.5609756097560976,7234.25,258.9303316853219,-177.75,7685.111111111111,509.8574419493328,-177.33333333333334,0,-1596.0,False,-2.6165121488076926,Relief
2023-06-01,56.0,82.0,68.0,7002.0,287.0,False,False,False,False,7084.0,-219.0,-0.6869479882237517,4.220588235294118,7100.5,37.0630094119661,-146.5,7517.111111111111,411.89150405309374,-179.55555555555554,0,-1616.0,False,-2.8047199880396803,Relief
2023-06-02,,,,,,False,False,False,True,,,0.0,,7100.5,37.0630094119661,-146.5,7517.111111111111,411.89150405309374,-179.55555555555554,0,-1616.0,False,-2.6688690497099277,Relief
2023-06-03,,,,,,False,False,False,True,,,0.0,,7100.5,37.0630094119661,-146.5,7517.111111111111,411.89150405309374,-179.55555555555554,0,-1616.0,False,-2.545714159861706,Relief
2023-06-04,74.0,103.0,80.0,6555.0,292.0,False,False,False,False,6658.0,-212.0,-6.013551665725581,3.65,7012.0,200.47817836364132,-159.6,7368.444444444444,456.48907739155004,-179.77777777777777,0,-1618.0,False,-2.612788464339156,Relief
2023-06-05,68.0,107.0,102.0,6523.0,189.0,False,False,False,False,6630.0,-87.0,-0.4205467107239458,1.8529411764705883,6926.8,259.0650497462061,-149.8,7215.777777777777,447.02678269255574,-178.22222222222223,0,-1604.0,False,-2.6581188961794084,Relief
2023-06-06,92.0,124.0,93.0,6508.0,187.0,False,False,False,False,6632.0,-94.0,0.030165912518853588,2.010752688172043,6827.4,257.4292135714294,-148.0,7080.0,413.2511342997319,-171.77777777777777,0,-1546.0,False,-2.716158594143958,Relief
2023-06-07,113.0,162.0,107.0,6483.0,208.0,False,False,False,False,6645.0,-101.0,0.19601930036188264,1.9439252336448598,6729.8,198.32347314426738,-142.6,6954.0,339.8440818964145,-158.22222222222223,0,-1424.0,False,-2.7552930903582253,Relief
2023-06-08,106.0,196.0,131.0,6446.0,255.0,False,False,False,False,6642.0,-124.0,-0.04514672686229959,1.9465648854961832,6641.4,11.26055060843934,-123.6,6845.444444444444,243.15946985012985,-133.77777777777777,0,-1204.0,False,-2.765882792229672,Relief
2023-06-09,,,,,,False,False,False,True,,,0.0,,6641.4,11.26055060843934,-123.6,6845.444444444444,243.15946985012985,-133.77777777777777,0,-1204.0,False,-2.627383262715794,Relief
2023-06-10,,,,,,False,False,False,True,,,0.0,,6641.4,11.26055060843934,-123.6,6845.444444444444,243.15946985012985,-133.77777777777777,0,-1204.0,False,-2.5050624558436607,Relief
2023-06-11,86.0,152.0,168.0,6007.0,238.0,True,False,True,False,6159.0,-70.0,-7.271906052393861,1.4166666666666667,6541.6,213.974998539562,-95.2,6776.8,315.7174545556966,-127.4,0,-1274.0,False,-2.5476051502569708,Relief
2023-06-12,84.0,118.0,136.0,6021.0,177.0,True,False,True,False,6139.0,-41.0,-0.32472804026627555,1.3014705882352942,6443.4,268.8852915278296,-86.0,6685.1,356.1904765088111,-117.9,0,-1179.0,False,-2.57663696408046,Relief
2023-06-13,59.0,64.0,117.0,6061.0,146.0,True,False,True,False,6125.0,-29.0,-0.22805017103763037,1.2478632478632479,6342.0,275.49773138813015,-73.0,6584.7,358.6561491642839,-110.5,0,-1105.0,False,-2.6004917562027923,Relief
2023-06-14,62.0,97.0,52.0,6065.0,167.0,False,False,False,False,6162.0,-115.0,0.604081632653064,3.2115384615384617,6245.4,222.22128610915445,-75.8,6487.6,323.43063827936714,-109.2,0,-1092.0,False,-2.6084206493736355,Relief
2023-06-15,91.0,75.0,97.0,6038.0,272.0,True,False,True,False,6113.0,-175.0,-0.7951963648166194,2.804123711340206,6139.6,21.208488866655866,-86.0,6390.5,264.9558663459509,-104.8,0,-1048.0,False,-2.6217333338789786,Relief
2023-06-16,,,,,,False,False,False,True,,,0.0,,6139.6,21.208488866655866,-86.0,6390.5,264.9558663459509,-104.8,0,-1048.0,False,-2.4983516505855414,Relief
2023-06-17,,,,,,False,False,False,True,,,0.0,,6139.6,21.208488866655866,-86.0,6390.5,264.9558663459509,-104.8,0,-1048.0,False,-2.3881169930863777,Relief
2023-06-18,,,,,,False,False,False,True,,,0.0,,6134.75,21.045585443890836,-90.0,6360.777777777777,262.7516782904914,-92.88888888888889,0,-836.0,False,-2.294000560926057,Relief
2023-06-19,29.0,51.0,11.0,5679.0,142.0,False,False,False,False,5730.0,-131.0,-6.265336168820546,12.909090909090908,6032.5,202.74203642398209,-112.5,6260.777777777777,313.788853282699,-97.77777777777777,0,-880.0,False,-2.319119685023282,Relief
2023-06-20,33.0,53.0,34.0,5904.0,134.0,False,False,False,False,5957.0,-100.0,3.961605584642225,3.9411764705882355,5990.5,194.42307819120512,-130.25,6185.777777777777,294.01478609837324,-98.44444444444444,0,-886.0,False,-2.271945974380821,Relief
2023-06-21,93.0,196.0,169.0,5922.0,149.0,False,False,False,False,6118.0,20.0,2.7027027027026973,0.8816568047337278,5979.5,182.35587916674595,-96.5,6127.222222222223,238.3294871485124,-85.0,2,-765.0,False,-2.194555285463813,Relief
2023-06-22,124.0,234.0,161.0,5956.0,207.0,False,False,False,False,6190.0,-46.0,1.1768551814318462,1.2857142857142858,5998.75,203.93360847755517,-64.25,6077.0,146.05307254566455,-76.33333333333333,0,-687.0,False,-2.0917007476044747,Relief
2023-06-23,,,,,,False,False,False,True,,,0.0,,5998.75,203.93360847755517,-64.25,6077.0,146.05307254566455,-76.33333333333333,0,-687.0,False,-2.017502046941767,Relief
2023-06-24,,,,,,False,False,False,True,,,0.0,,5998.75,203.93360847755517,-64.25,6077.0,146.05307254566455,-76.33333333333333,0,-687.0,False,-1.948895465129958,Relief
2023-06-25,92.0,203.0,173.0,5766.0,263.0,False,False,False,False,5969.0,-90.0,-3.5702746365104954,1.5202312138728324,5992.8,177.11211138713125,-69.4,6055.888888888889,146.45002939958914,-78.55555555555556,0,-707.0,False,-1.8911339935526885,Relief
2023-06-26,186.0,259.0,172.0,5819.0,174.0,False,False,False,False,6078.0,-2.0,1.8261015245434775,1.0116279069767442,6062.4,99.30911337841741,-43.6,6049.111111111111,143.50474246916232,-74.22222222222223,0,-668.0,False,-1.7624337966925943,Relief
2023-06-27,154.0,225.0,220.0,5917.0,155.0,False,False,False,False,6142.0,65.0,1.0529779532741035,0.7045454545454546,6099.4,83.41342817560749,-10.6,6051.0,144.7351028604653,-63.77777777777778,2,-574.0,False,-1.674323657920653,Relief
2023-06-28,91.0,199.0,172.0,5999.0,174.0,False,False,False,False,6198.0,-2.0,0.9117551286226044,1.0116279069767442,6115.4,94.77235883952225,-15.0,6055.0,148.63125512498854,-51.22222222222222,0,-461.0,False,-1.6118741161249355,Relief
2023-06-29,81.0,213.0,153.0,6058.0,213.0,False,False,False,False,6271.0,-60.0,1.177799290093584,1.392156862745098,6131.6,115.39194079313823,-17.8,6072.555555555556,164.79086072293882,-38.44444444444444,0,-346.0,False,-1.552625947346751,Relief
2023-06-30,,,,,,False,False,False,True,,,0.0,,6131.6,115.39194079313823,-17.8,6072.555555555556,164.79086072293882,-38.44444444444444,0,-346.0,False,-1.5118250963519746,Relief
2023-07-01,,,,,,False,False,False,True,,,0.0,,6131.6,115.39194079313823,-17.8,6072.555555555556,164.79086072293882,-38.44444444444444,0,-346.0,False,-1.4728956239284778,Relief
2023-07-02,209.0,285.0,184.0,5903.0,309.0,False,False,False,False,6188.0,-125.0,-1.3235528623823933,1.6793478260869565,6175.4,71.43388551665778,-24.8,6084.1,159.5977234591998,-47.1,0,-471.0,False,-1.3946644661533207,Relief
2023-07-03,,,,,,False,False,False,True,,,0.0,,6199.75,53.393975939948895,-30.5,6123.444444444444,106.02135529131152,-37.77777777777778,0,-340.0,False,-1.3380060950851267,Relief
2023-07-04,184.0,314.0,217.0,6127.0,124.0,False,False,False,False,6441.0,93.0,4.088558500323214,0.5714285714285714,6274.5,117.00284896820015,-23.5,6177.222222222223,130.87854845035758,-16.333333333333332,2,-147.0,False,-1.2368465932559405,Relief
2023-07-05,107.0,215.0,230.0,6193.0,167.0,True,False,True,False,6408.0,63.0,-0.5123428039124356,0.7260869565217392,6327.0,118.34131428489032,-7.25,6209.444444444444,148.9296067872523,-11.555555555555555,3,-104.0,False,-1.159961788193177,Relief
2023-07-06,101.0,162.0,178.0,6239.0,205.0,True,False,True,False,6401.0,-27.0,-0.10923845193507864,1.151685393258427,6359.5,115.65609942126574,1.0,6232.888888888889,161.5583829800814,-9.444444444444445,0,-85.0,False,-1.1040391564823384,Relief
2023-07-07,,,,,,False,False,False,True,,,0.0,,6359.5,115.65609942126574,1.0,6232.888888888889,161.5583829800814,-9.444444444444445,0,-85.0,False,-1.0797137045813805,Relief
2023-07-08,,,,,,False,False,False,True,,,0.0,,6359.5,115.65609942126574,1.0,6232.888888888889,161.5583829800814,-9.444444444444445,0,-85.0,False,-1.0560543406695417,Relief
2023-07-09,99.0,190.0,176.0,6214.0,196.0,False,False,False,False,6404.0,-20.0,0.04686767692547722,1.1136363636363635,6413.5,18.556220879841337,27.25,6281.222222222223,135.75048598245036,-1.6666666666666667,0,-15.0,False,-0.9835040075784736,Normal
2023-07-10,167.0,239.0,166.0,6346.0,163.0,False,False,False,False,6585.0,3.0,2.826358525921302,0.9819277108433735,6447.8,78.3626186392848,22.4,6337.555555555556,145.70785077614786,-1.1111111111111112,2,-10.0,False,-0.9309032182946952,Normal
2023-07-11,115.0,216.0,169.0,6498.0,143.0,False,False,False,False,6714.0,26.0,1.9589977220956678,0.8461538461538461,6502.4,141.8389932282579,9.0,6401.111111111111,172.10494214617088,-5.444444444444445,3,-49.0,False,-0.8611022340011752,Normal
2023-07-12,84.0,158.0,193.0,6521.0,210.0,True,False,True,False,6679.0,-17.0,-0.5212987786714307,1.0880829015544042,6556.6,148.37553706728613,-7.0,6454.555555555556,175.79185924781305,-7.111111111111111,0,-64.0,False,-0.7934603639165062,Normal
2023-07-13,130.0,227.0,192.0,6604.0,226.0,False,False,False,False,6831.0,-34.0,2.2757897888905587,1.1770833333333333,6642.6,159.81645722517223,-8.4,6516.777777777777,200.12357293549627,-4.222222222222222,0,-38.0,False,-0.6978908032809956,Normal
2023-07-14,,,,,,False,False,False,True,,,0.0,,6642.6,159.81645722517223,-8.4,6516.777777777777,200.12357293549627,-4.222222222222222,0,-38.0,False,-0.6828180824523317,Normal
2023-07-15,,,,,,False,False,False,True,,,0.0,,6642.6,159.81645722517223,-8.4,6516.777777777777,200.12357293549627,-4.222222222222222,0,-38.0,False,-0.6684396607246584,Normal
2023-07-16,88.0,214.0,160.0,6468.0,218.0,False,False,False,False,6682.0,-58.0,-2.1812326160152273,1.3625,6698.2,88.50254233639346,-16.0,6571.666666666667,162.97392429472833,3.2222222222222223,0,29.0,True,-0.603712383123163,Normal
2023-07-17,113.0,208.0,159.0,6632.0,160.0,False,False,False,False,6840.0,-1.0,2.3645615085303717,1.0062893081761006,6749.2,80.02936960894368,-16.8,6598.5,175.52666780615428,2.8,0,28.0,True,-0.5448564016115516,Normal
2023-07-18,174.0,285.0,150.0,6874.0,181.0,False,False,False,False,7159.0,-31.0,4.66374269005847,1.2066666666666668,6838.2,195.39114616585005,-28.2,6670.3,239.23212809138172,-9.6,0,-96.0,False,-0.4524965007427061,Normal
2023-07-19,104.0,230.0,206.0,7001.0,226.0,False,False,False,False,7231.0,-20.0,1.005727056851513,1.0970873786407767,6948.6,234.90274583325794,-28.8,6752.6,277.4764054033691,-17.9,0,-179.0,False,-0.3420440807303995,Normal
2023-07-20,147.0,276.0,214.0,7116.0,281.0,False,False,False,False,7392.0,-67.0,2.2265246853823806,1.3130841121495327,7060.8,291.78193912578587,-35.4,6851.7,312.68374153806013,-21.9,0,-219.0,False,-0.23116897393349597,Normal
2023-07-21,,,,,,False,False,False,True,,,0.0,,7060.8,291.78193912578587,-35.4,6851.7,312.68374153806013,-21.9,0,-219.0,False,-0.22476324466163938,Normal
2023-07-22,,,,,,False,False,False,True,,,0.0,,7060.8,291.78193912578587,-35.4,6851.7,312.68374153806013,-21.9,0,-219.0,False,-0.2180258139846465,Normal
2023-07-23,108.0,220.0,213.0,7052.0,276.0,False,False,False,False,7272.0,-63.0,-1.6233766233766267,1.295774647887324,7178.8,207.39021191947185,-36.4,6938.5,294.5456953796537,-26.2,0,-262.0,False,-0.10148121437876949,Normal
2023-07-24,180.0,280.0,146.0,7220.0,187.0,False,False,False,False,7500.0,-41.0,3.1353135313531455,1.2808219178082192,7310.8,135.3761426544686,-44.4,7030.0,314.00849245418397,-30.6,0,-306.0,False,0.02835384223472117,Normal
2023-07-25,134.0,294.0,186.0,7510.0,136.0,False,False,False,False,7804.0,50.0,4.053333333333331,0.7311827956989247,7439.8,229.29500648728185,-28.2,7139.0,375.32534035304064,-28.2,2,-282.0,False,0.1560463154593316,Normal
2023-07-26,202.0,313.0,158.0,7647.0,215.0,False,False,False,False,7960.0,-57.0,1.9989748846745314,1.360759493670886,7585.6,287.6748164160397,-35.6,7267.1,417.1553001514636,-32.2,0,-322.0,False,0.3004491010259117,Normal
2023-07-27,110.0,272.0,193.0,7754.0,259.0,False,False,False,False,8026.0,-66.0,0.8291457286432102,1.3419689119170986,7712.4,319.0247639290745,-35.4,7386.6,448.343915612422,-35.4,0,-354.0,False,0.4264797981097783,Normal
2023-07-28,,,,,,False,False,False,True,,,0.0,,7712.4,319.0247639290745,-35.4,7386.6,448.343915612422,-35.4,0,-354.0,False,0.43313194883769895,Normal
2023-07-29,,,,,,False,False,False,True,,,0.0,,7712.4,319.0247639290745,-35.4,7386.6,448.343915612422,-35.4,0,-354.0,False,0.44214470226826197,Normal
2023-07-30,166.0,277.0,229.0,7671.0,305.0,False,False,False,False,7948.0,-76.0,-0.9718415150759996,1.331877729257642,7847.6,210.51555761986145,-38.0,7513.2,403.80737982361165,-37.2,0,-372.0,False,0.5813792391571947,Normal
2023-07-31,136.0,276.0,178.0,7800.0,220.0,False,False,False,False,8076.0,-42.0,1.610468042274782,1.2359550561797752,7962.8,102.77742942884308,-38.2,7636.8,361.8347689208563,-41.3,0,-413.0,False,0.7042933377773722,Normal
2023-08-01,87.0,246.0,173.0,8103.0,168.0,False,False,False,False,8349.0,5.0,3.3803863298662806,0.9710982658959537,8071.8,163.38665796202721,-47.2,7755.8,382.3386515178042,-37.7,2,-377.0,False,0.8244923360823669,Normal
2023-08-02,84.0,171.0,157.0,8261.0,271.0,False,False,False,False,8432.0,-114.0,0.9941310336567311,1.7261146496815287,8166.2,211.81879047903217,-58.6,7875.9,387.7623699581524,-47.1,0,-471.0,False,0.9340242560552422,Normal
2023-08-03,167.0,209.0,157.0,8294.0,339.0,False,False,False,False,8503.0,-182.0,0.8420303605312984,2.159235668789809,8261.6,238.6111900142148,-81.8,7987.0,392.8386720044615,-58.6,0,-586.0,False,1.0448623073918037,Stress
2023-08-04,,,,,,False,False,False,True,,,0.0,,8261.6,238.6111900142148,-81.8,7987.0,392.8386720044615,-58.6,0,-586.0,False,1.0622044873422902,Stress
2023-08-05,,,,,,False,False,False,True,,,0.0,,8261.6,238.6111900142148,-81.8,7987.0,392.8386720044615,-58.6,0,-586.0,False,1.0815426585462393,Stress
2023-08-06,109.0,245.0,159.0,8298.0,322.0,False,False,False,False,8543.0,-163.0,0.4704222039280337,2.0251572327044025,8380.6,185.59175628243557,-99.2,8114.1,337.51821350032355,-68.6,0,-686.0,False,1.2209091546068975,Stress
2023-08-07,156.0,256.0,176.0,8493.0,202.0,False,False,False,False,8749.0,-26.0,2.4113309141987616,1.1477272727272727,8515.2,150.1072949592993,-96.0,8239.0,315.3914675094783,-67.1,0,-671.0,False,1.3745567886633288,Stress
2023-08-08,125.0,232.0,192.0,8725.0,207.0,False,False,False,False,8957.0,-15.0,2.3774145616641817,1.078125,8636.8,214.33665108888218,-100.0,8354.3,347.7873072886857,-73.6,0,-736.0,False,1.5119082717143528,Stress
2023-08-09,118.0,139.0,168.0,8888.0,251.0,True,False,True,False,9027.0,-83.0,0.7815116668527411,1.494047619047619,8755.8,236.25664011831782,-93.8,8461.0,375.9148839830671,-76.2,0,-762.0,False,1.643515754859134,Stress
2023-08-10,142.0,235.0,139.0,8914.0,353.0,False,False,False,False,9149.0,-214.0,1.3515010523983628,2.539568345323741,8885.0,240.0541605554783,-100.2,8573.3,398.58278102965664,-91.0,0,-910.0,False,1.7806347669293217,Stress
2023-08-11,,,,,,False,False,False,True,,,0.0,,8885.0,240.0541605554783,-100.2,8573.3,398.58278102965664,-91.0,0,-910.0,False,1.7830056925242217,Stress
2023-08-12,,,,,,False,False,False,True,,,0.0,,8885.0,240.0541605554783,-100.2,8573.3,398.58278102965664,-91.0,0,-910.0,False,1.7841677437464443,Stress
2023-08-13,,,,,,False,False,False,True,,,0.0,,8970.5,167.62955188945512,-84.5,8642.777777777777,352.7338861584553,-92.66666666666667,0,-834.0,False,1.870225759965015,Stress
2023-08-14,,,,,,False,False,False,True,,,0.0,,9044.333333333334,97.16652372767904,-104.0,8713.625,300.9456227579064,-99.0,0,-792.0,False,1.939417735842381,Stress
2023-08-15,,,,,,False,False,False,True,,,0.0,,9088.0,86.26702730461605,-148.5,8765.714285714286,283.4411839551651,-113.85714285714286,0,-797.0,False,1.9719966984006738,Stress
2023-08-16,148.0,245.0,175.0,9634.0,288.0,False,False,False,False,9879.0,-113.0,7.979014099901627,1.6457142857142857,9514.0,516.1879502661438,-163.5,8972.42857142857,467.43229710938,-113.71428571428571,0,-796.0,False,2.3626344171893443,Stress
2023-08-17,119.0,219.0,210.0,9694.0,407.0,False,False,False,False,9913.0,-197.0,0.34416438910820357,1.938095238095238,9896.0,24.041630559340877,-155.0,9173.857142857143,530.9197769190819,-115.85714285714286,0,-811.0,False,2.664169506875524,Stress
2023-08-18,,,,,,False,False,False,True,,,0.0,,9896.0,24.041630559340877,-155.0,9173.857142857143,530.9197769190819,-115.85714285714286,0,-811.0,False,2.5837938076458657,Stress
2023-08-19,,,,,,False,False,False,True,,,0.0,,9896.0,24.041630559340877,-155.0,9173.857142857143,530.9197769190819,-115.85714285714286,0,-811.0,False,2.5027868637651003,Stress
2023-08-20,105.0,210.0,149.0,9483.0,390.0,False,False,False,False,9693.0,-241.0,-2.219307979420959,2.61744966442953,9828.333333333334,118.42860014924678,-183.66666666666666,9338.142857142857,478.51416857163906,-127.0,0,-889.0,False,2.3638803918538835,Stress
2023-08-21,143.0,203.0,163.0,9668.0,281.0,False,False,False,False,9871.0,-118.0,1.8363767667388897,1.7239263803680982,9839.0,99.02188310327064,-167.25,9498.42857142857,434.1393236979911,-140.14285714285714,0,-981.0,False,2.2963556508545593,Stress
2023-08-22,119.0,209.0,152.0,9921.0,230.0,False,False,False,False,10130.0,-78.0,2.623847634484844,1.513157894736842,9897.2,155.85313599664252,-149.4,9666.0,416.34080591104976,-149.14285714285714,0,-1044.0,False,2.267126476894823,Stress
2023-08-23,155.0,212.0,181.0,10071.0,285.0,False,False,False,False,10283.0,-104.0,1.5103652517275412,1.574585635359116,9978.0,230.77478198448654,-147.6,9845.42857142857,362.179447761669,-152.14285714285714,0,-1065.0,False,2.2520798318935653,Stress
2023-08-24,109.0,214.0,173.0,10026.0,443.0,False,False,False,False,10240.0,-270.0,-0.41816590489156535,2.560693641618497,10043.4,253.01245028651613,-162.2,10001.285714285714,218.96629442732214,-160.14285714285714,0,-1121.0,False,2.224149264091639,Stress
2023-08-25,,,,,,False,False,False,True,,,0.0,,10043.4,253.01245028651613,-162.2,10001.285714285714,218.96629442732214,-160.14285714285714,0,-1121.0,False,2.1478042876595453,Stress
2023-08-26,,,,,,False,False,False,True,,,0.0,,10043.4,253.01245028651613,-162.2,10001.285714285714,218.96629442732214,-160.14285714285714,0,-1121.0,False,2.0767670370610687,Stress
2023-08-27,191.0,283.0,192.0,9873.0,488.0,False,False,False,False,10156.0,-296.0,-0.8203124999999978,2.5416666666666665,10136.0,160.53504290336758,-173.2,10020.625,209.97342518925964,-177.125,0,-1417.0,False,2.074473140717024,Stress
2023-08-28,170.0,297.0,196.0,10012.0,388.0,False,False,False,False,10309.0,-192.0,1.5064986215045373,1.9795918367346939,10223.6,78.13641916536355,-188.0,10052.666666666666,218.67270062812096,-178.77777777777777,0,-1609.0,False,2.0653016455900475,Stress
2023-08-29,152.0,272.0,214.0,10180.0,286.0,False,False,False,False,10452.0,-72.0,1.387137452711218,1.3364485981308412,10288.0,108.50115206754677,-186.8,10092.6,241.76719748091136,-168.1,0,-1681.0,False,2.038327920157659,Stress
2023-08-30,239.0,367.0,224.0,10280.0,366.0,False,False,False,False,10647.0,-142.0,1.8656716417910557,1.6339285714285714,10360.8,193.2917484011782,-194.4,10169.4,284.56875755742027,-171.0,0,-1710.0,False,2.0173892046894593,Stress
2023-08-31,113.0,280.0,237.0,10140.0,505.0,False,False,False,False,10420.0,-268.0,-2.1320559782098236,2.130801687763713,10396.8,181.57560408817073,-194.0,10220.1,278.9203191673929,-178.1,0,-1781.0,False,1.9728018961353229,Stress
2023-09-01,,,,,,False,False,False,True,,,0.0,,10396.8,181.57560408817073,-194.0,10220.1,278.9203191673929,-178.1,0,-1781.0,False,1.9077826567082314,Stress
2023-09-02,,,,,,False,False,False,True,,,0.0,,10396.8,181.57560408817073,-194.0,10220.1,278.9203191673929,-178.1,0,-1781.0,False,1.8470095840808471,Stress
2023-09-03,,,,,,False,False,False,True,,,0.0,,10457.0,140.71010387783664,-168.5,10278.666666666666,221.20804686989806,-171.11111111111111,0,-1540.0,False,1.827563783154384,Stress
2023-09-04,196.0,306.0,187.0,9988.0,293.0,False,False,False,False,10294.0,-106.0,-1.2092130518234212,1.5668449197860963,10453.25,146.0670508133563,-147.0,10325.666666666666,160.3223315698555,-169.77777777777777,0,-1528.0,False,1.7694788965209562,Stress
2023-09-05,236.0,330.0,222.0,10142.0,243.0,False,False,False,False,10472.0,-21.0,1.7291626190013565,1.0945945945945945,10458.25,146.3520299368782,-134.25,10363.666666666666,148.22196193545145,-163.44444444444446,0,-1471.0,False,1.7202721849387914,Stress
2023-09-06,81.0,230.0,242.0,10356.0,291.0,True,False,True,False,10586.0,-49.0,1.0886172650878434,1.2024793388429753,10443.0,121.13353513091121,-111.0,10397.333333333334,161.43187417605668,-157.33333333333334,0,-1416.0,False,1.661822943720652,Stress
2023-09-07,118.0,245.0,160.0,10419.0,398.0,False,False,False,False,10664.0,-238.0,0.7368222180238027,2.4875,10504.0,160.67358214709031,-103.5,10444.444444444445,171.34184479505194,-153.77777777777777,0,-1384.0,False,1.6518219553768743,Stress
2023-09-08,,,,,,False,False,False,True,,,0.0,,10504.0,160.67358214709031,-103.5,10444.444444444445,171.34184479505194,-153.77777777777777,0,-1384.0,False,1.6062367504906478,Stress
2023-09-09,,,,,,False,False,False,True,,,0.0,,10504.0,160.67358214709031,-103.5,10444.444444444445,171.34184479505194,-153.77777777777777,0,-1384.0,False,1.5631569736880853,Stress
2023-09-10,218.0,283.0,208.0,10282.0,382.0,False,False,False,False,10565.0,-174.0,-0.9283570892723136,1.8365384615384615,10516.2,141.79633281570878,-117.6,10489.888888888889,135.8357872988731,-140.22222222222223,0,-1262.0,False,1.529440843526747,Stress
2023-09-11,132.0,243.0,183.0,10492.0,277.0,False,False,False,False,10735.0,-94.0,1.6090866067203002,1.5136612021857923,10604.4,100.03649334109336,-115.2,10537.222222222223,139.10677353902526,-129.33333333333334,0,-1164.0,False,1.5410449507101869,Stress
2023-09-12,224.0,315.0,152.0,10649.0,316.0,False,False,False,False,10964.0,-164.0,2.133209129017244,2.0789473684210527,10702.8,160.77841894975174,-143.8,10594.111111111111,193.82817419328867,-139.55555555555554,0,-1256.0,False,1.5580043027880353,Stress
2023-09-13,167.0,326.0,213.0,10678.0,343.0,False,False,False,False,11004.0,-130.0,0.36483035388543694,1.6103286384976525,10786.4,190.74406937040337,-160.0,10633.777777777777,237.59354882748167,-138.22222222222223,0,-1244.0,False,1.566134620233734,Stress
2023-09-14,209.0,353.0,232.0,10837.0,414.0,False,False,False,False,11190.0,-182.0,1.6902944383860419,1.7844827586206897,10891.6,243.98217147976314,-148.8,10719.333333333334,284.91446084744786,-128.66666666666666,0,-1158.0,False,1.5858534104935764,Stress
2023-09-15,,,,,,False,False,False,True,,,0.0,,10891.6,243.98217147976314,-148.8,10719.333333333334,284.91446084744786,-128.66666666666666,0,-1158.0,False,1.5460987009417182,Stress
2023-09-16,,,,,,False,False,False,True,,,0.0,,10891.6,243.98217147976314,-148.8,10719.333333333334,284.91446084744786,-128.66666666666666,0,-1158.0,False,1.5082864812307974,Stress
2023-09-17,153.0,253.0,286.0,10799.0,427.0,True,False,True,False,11052.0,-141.0,-1.2332439678284235,1.493006993006993,10989.0,165.63212248830206,-142.2,10752.6,288.48462312187525,-129.9,0,-1299.0,False,1.5266129228234662,Stress
2023-09-18,180.0,337.0,219.0,10892.0,313.0,False,False,False,False,11229.0,-94.0,1.601520086862096,1.4292237442922375,11087.8,116.20327017764656,-142.2,10846.1,274.51591736888594,-128.7,0,-1287.0,False,1.5453464652463014,Stress
2023-09-19,133.0,287.0,189.0,11095.0,260.0,False,False,False,False,11382.0,-71.0,1.362543414373496,1.3756613756613756,11171.4,150.24579861007257,-123.6,10937.1,287.258865059979,-133.7,0,-1337.0,False,1.5552367985941733,Stress
2023-09-20,187.0,310.0,247.0,11064.0,364.0,False,False,False,False,11374.0,-117.0,-0.07028641714988959,1.4736842105263157,11245.4,137.7853402941616,-121.0,11015.9,288.3236799925316,-140.5,0,-1405.0,False,1.5595748927523896,Stress
2023-09-21,168.0,285.0,210.0,11067.0,428.0,False,False,False,False,11352.0,-218.0,-0.19342359767892114,2.038095238095238,11277.8,140.52117278181845,-128.2,11084.7,276.88146280391464,-138.5,0,-1385.0,False,1.5413739765522618,Stress
2023-09-22,,,,,,False,False,False,True,,,0.0,,11277.8,140.52117278181845,-128.2,11084.7,276.88146280391464,-138.5,0,-1385.0,False,1.5066276974082917,Stress
2023-09-23,,,,,,False,False,False,True,,,0.0,,11277.8,140.52117278181845,-128.2,11084.7,276.88146280391464,-138.5,0,-1385.0,False,1.4736382238088146,Stress
2023-09-24,269.0,412.0,204.0,10744.0,403.0,False,False,False,False,11156.0,-199.0,-1.7265680056377741,1.9754901960784315,11298.6,100.83550961827629,-139.8,11143.8,208.17663440237985,-141.0,0,-1410.0,False,1.4530734534992684,Stress
2023-09-25,100.0,255.0,236.0,10842.0,284.0,False,False,False,False,11097.0,-48.0,-0.5288633918967389,1.2033898305084745,11272.2,135.0784956977893,-130.6,11180.0,153.48036428876875,-136.4,0,-1364.0,False,1.4075423821583892,Stress
2023-09-26,205.0,294.0,177.0,10978.0,332.0,False,False,False,False,11272.0,-155.0,1.5770027935477993,1.8757062146892656,11250.2,120.94296176288155,-147.4,11210.8,135.1244693688496,-135.5,0,-1355.0,False,1.3661412371382229,Stress
2023-09-27,161.0,304.0,211.0,11017.0,331.0,False,False,False,False,11321.0,-120.0,0.434705464868701,1.5687203791469195,11239.6,109.12515750264882,-148.0,11242.5,117.21608725384964,-134.5,0,-1345.0,False,1.332528460626376,Stress
2023-09-28,57.0,162.0,193.0,10984.0,447.0,True,False,True,False,11146.0,-254.0,-1.545799841003448,2.316062176165803,11198.4,93.90580386737655,-155.2,11238.1,120.19377872600326,-141.7,0,-1417.0,False,1.2832609553967635,Stress
2023-09-29,,,,,,False,False,False,True,,,0.0,,11198.4,93.90580386737655,-155.2,11238.1,120.19377872600326,-141.7,0,-1417.0,False,1.25859228041419,Stress
2023-09-30,,,,,,False,False,False,True,,,0.0,,11198.4,93.90580386737655,-155.2,11238.1,120.19377872600326,-141.7,0,-1417.0,False,1.2346856498624255,Stress
2023-10-01,80.0,122.0,152.0,10598.0,493.0,True,False,True,False,10720.0,-341.0,-3.8219989233805873,3.2434210526315788,11111.2,236.81363980982763,-183.6,11204.9,197.9873452745903,-161.7,0,-1617.0,False,1.1620137234367247,Stress
2023-10-02,107.0,170.0,133.0,10724.0,284.0,False,False,False,False,10894.0,-151.0,1.6231343283582111,2.1353383458646618,11070.6,256.44453591367284,-204.2,11171.4,220.51616216905447,-167.4,0,-1674.0,False,1.1169987720945649,Stress
2023-10-03,99.0,156.0,139.0,10818.0,287.0,False,False,False,False,10974.0,-148.0,0.7343491830365423,2.064748201438849,11011.0,231.33525455489794,-202.8,11130.6,214.8938756171723,-175.1,0,-1751.0,False,1.061569354051195,Stress
2023-10-04,25.0,66.0,94.0,10963.0,330.0,True,False,True,False,11029.0,-236.0,0.5011846181884438,3.5106382978723403,10952.6,159.08739736377592,-226.0,11096.1,198.54775524065263,-187.0,0,-1870.0,False,1.007473787487806,Stress
2023-10-05,35.0,70.0,53.0,11130.0,427.0,False,False,False,False,11200.0,-374.0,1.5504578837610028,8.056603773584905,10963.4,176.39104285643245,-250.0,11080.9,181.90073605614901,-202.6,0,-2026.0,False,0.9952988931964103,Normal
2023-10-06,,,,,,False,False,False,True,,,0.0,,10963.4,176.39104285643245,-250.0,11080.9,181.90073605614901,-202.6,0,-2026.0,False,0.9772868056984692,Normal
2023-10-07,,,,,,False,False,False,True,,,0.0,,10963.4,176.39104285643245,-250.0,11080.9,181.90073605614901,-202.6,0,-2026.0,False,0.959636799836893,Normal
2023-10-08,,,,,,False,False,False,True,,,0.0,,11024.25,129.61577836040033,-227.25,11072.555555555555,190.89402237306356,-203.0,0,-1827.0,False,0.9803872007578062,Normal
2023-10-09,43.0,73.0,64.0,10815.0,282.0,False,False,False,False,10888.0,-218.0,-2.7857142857142803,4.40625,11022.75,131.64440740104547,-244.0,11049.333333333334,200.0418706171036,-221.88888888888889,0,-1997.0,False,0.9623825127022914,Normal
2023-10-10,41.0,60.0,71.0,10910.0,257.0,True,False,True,False,10970.0,-186.0,0.7531227038942045,3.619718309859155,11021.75,132.15237417455825,-253.5,11015.777777777777,182.59023644333965,-225.33333333333334,0,-2028.0,False,0.9450639381847635,Normal
2023-10-11,65.0,83.0,65.0,10960.0,266.0,False,False,False,False,11043.0,-201.0,0.6654512306289773,4.092307692307692,11025.25,132.59304908870254,-244.75,10984.888888888889,143.92137127995122,-234.33333333333334,0,-2109.0,False,0.9308416027482851,Normal
2023-10-12,38.0,80.0,82.0,10992.0,398.0,True,False,True,False,11072.0,-316.0,0.2626097980621189,4.853658536585366,10993.25,82.24911347023391,-230.25,10976.666666666666,135.4298711510519,-241.22222222222223,0,-2171.0,False,0.8936722145863663,Normal
2023-10-13,,,,,,False,False,False,True,,,0.0,,10993.25,82.24911347023391,-230.25,10976.666666666666,135.4298711510519,-241.22222222222223,0,-2171.0,False,0.8786290071176635,Normal
2023-10-14,,,,,,False,False,False,True,,,0.0,,10993.25,82.24911347023391,-230.25,10976.666666666666,135.4298711510519,-241.22222222222223,0,-2171.0,False,0.8639594563887476,Normal
2023-10-15,56.0,82.0,68.0,10571.0,434.0,False,False,False,False,10653.0,-366.0,-3.7843208092485536,6.382352941176471,10925.2,168.01101154382715,-257.4,10969.222222222223,152.11572714362924,-244.0,0,-2196.0,False,0.8011216930676687,Normal
2023-10-16,74.0,103.0,80.0,10629.0,331.0,False,False,False,False,10732.0,-251.0,0.7415751431521622,4.1375,10894.0,189.7274360760201,-264.0,10951.222222222223,170.59218752462027,-255.11111111111111,0,-2296.0,False,0.7639233098268371,Normal
2023-10-17,68.0,107.0,102.0,10630.0,315.0,False,False,False,False,10737.0,-213.0,0.04658963846440045,3.088235294117647,10847.4,194.936656378375,-269.4,10924.888888888889,184.37220807676542,-262.3333333333333,0,-2361.0,False,0.7143687424356663,Normal
2023-10-18,92.0,124.0,93.0,10511.0,393.0,False,False,False,False,10635.0,-300.0,-0.9499860296172113,4.225806451612903,10765.8,177.174208055183,-289.2,10881.111111111111,202.45150310902218,-269.44444444444446,0,-2425.0,False,0.6365228168116055,Normal
2023-10-19,113.0,162.0,107.0,10319.0,406.0,False,False,False,False,10481.0,-299.0,-1.4480488951574944,3.794392523364486,10647.6,103.75355415590393,-285.8,10801.222222222223,202.74724275421454,-261.1111111111111,0,-2350.0,False,0.5274374247964699,Normal
2023-10-20,,,,,,False,False,False,True,,,0.0,,10647.6,103.75355415590393,-285.8,10801.222222222223,202.74724275421454,-261.1111111111111,0,-2350.0,False,0.5110741363553886,Normal
2023-10-21,,,,,,False,False,False,True,,,0.0,,10647.6,103.75355415590393,-285.8,10801.222222222223,202.74724275421454,-261.1111111111111,0,-2350.0,False,0.4944525722016715,Normal
2023-10-22,106.0,196.0,131.0,9506.0,454.0,False,False,False,False,9702.0,-323.0,-7.432496899150842,3.4656488549618323,10457.4,434.83019674349157,-277.2,10691.3,396.69637143677625,-267.3,0,-2673.0,False,0.31089819297243804,Normal
2023-10-23,86.0,152.0,168.0,9436.0,327.0,True,False,True,False,9588.0,-159.0,-1.1750154607297447,1.9464285714285714,10228.6,541.9901290613927,-258.8,10561.3,519.1758533162546,-261.4,0,-2614.0,False,0.08294639479677648,Normal
2023-10-24,84.0,118.0,136.0,9396.0,300.0,True,False,True,False,9514.0,-164.0,-0.7717980809345049,2.2058823529411766,9984.0,531.0484911945301,-249.0,10415.7,591.0160836314917,-259.2,0,-2592.0,False,-0.1713095383991627,Normal
2023-10-25,59.0,64.0,117.0,9351.0,293.0,True,False,True,False,9415.0,-176.0,-1.0405717889426125,2.5042735042735043,9740.0,427.2967353022826,-224.2,10252.9,622.4108057473838,-256.7,0,-2567.0,False,-0.4369414178445227,Normal
2023-10-26,62.0,97.0,52.0,9235.0,390.0,False,False,False,False,9332.0,-338.0,-0.8815719596388716,7.5,9510.2,144.6312552665944,-232.0,10078.9,611.0945462401396,-258.9,0,-2589.0,False,-0.7027099700456779,Normal
2023-10-27,,,,,,False,False,False,True,,,0.0,,9510.2,144.6312552665944,-232.0,10078.9,611.0945462401396,-258.9,0,-2589.0,False,-0.7479180581526264,Normal
2023-10-28,,,,,,False,False,False,True,,,0.0,,9510.2,144.6312552665944,-232.0,10078.9,611.0945462401396,-258.9,0,-2589.0,False,-0.7926845278594209,Normal
2023-10-29,91.0,75.0,97.0,8925.0,418.0,True,False,True,False,9000.0,-321.0,-3.557651093013292,4.309278350515464,9369.8,228.3795087130012,-231.6,9913.6,660.1449672441477,-254.4,0,-2544.0,False,-0.9901130175612726,Normal
2023-10-30,29.0,51.0,11.0,9026.0,278.0,False,False,False,False,9077.0,-267.0,0.855555555555565,25.272727272727273,9267.6,220.5250552658189,-253.2,9748.1,639.3000425812945,-256.0,0,-2560.0,False,-1.149203044654047,Relief
2023-10-31,33.0,53.0,34.0,9072.0,295.0,False,False,False,False,9125.0,-261.0,0.5288090778891696,8.676470588235293,9189.8,175.984942537687,-272.6,9586.9,560.6362357972331,-260.8,0,-2608.0,False,-1.282101705782306,Relief
2023-11-01,132.0,235.0,197.0,9250.0,279.0,False,False,False,False,9485.0,-82.0,3.945205479452052,1.416243654822335,9203.8,199.58131175035626,-253.8,9471.9,422.74721892771095,-239.0,0,-2390.0,False,-1.3078277325208814,Relief
2023-11-02,174.0,208.0,256.0,9442.0,330.0,True,False,True,False,9650.0,-74.0,1.7395888244596813,1.2890625,9267.4,283.6217551599179,-201.0,9388.8,247.83901585057427,-216.5,0,-2165.0,False,-1.2772832482516492,Relief
2023-11-03,,,,,,False,False,False,True,,,0.0,,9267.4,283.6217551599179,-201.0,9388.8,247.83901585057427,-216.5,0,-2165.0,False,-1.326477339297469,Relief
2023-11-04,,,,,,False,False,False,True,,,0.0,,9267.4,283.6217551599179,-201.0,9388.8,247.83901585057427,-216.5,0,-2165.0,False,-1.3719325623585152,Relief
2023-11-05,123.0,230.0,167.0,9273.0,370.0,False,False,False,False,9503.0,-203.0,-1.523316062176161,2.215568862275449,9368.0,252.57078215817364,-177.4,9368.9,227.0107437496766,-204.5,0,-2045.0,False,-1.2830619174268478,Relief
2023-11-06,123.0,233.0,159.0,9286.0,316.0,False,False,False,False,9519.0,-157.0,0.1683678838261704,1.9874213836477987,9456.4,196.35121593713365,-155.4,9362.0,220.56845750117597,-204.3,0,-2043.0,False,-1.2035951904231519,Relief
2023-11-07,141.0,232.0,188.0,9483.0,231.0,False,False,False,False,9715.0,-43.0,2.0590398151066225,1.2287234042553192,9574.4,102.03332788844031,-111.8,9382.1,243.8849683309353,-192.2,0,-1922.0,False,-1.078170447968621,Relief
2023-11-08,158.0,226.0,191.0,9634.0,310.0,False,False,False,False,9860.0,-119.0,1.4925373134328401,1.6230366492146597,9649.4,147.55778529101536,-119.2,9426.6,287.2904840439821,-186.5,0,-1865.0,False,-1.0045755149104543,Relief
2023-11-09,,,,,,False,False,False,True,,,0.0,,9649.25,170.3846139375634,-130.5,9437.111111111111,302.6712095841208,-169.66666666666666,0,-1527.0,False,-1.0362206918606338,Relief
2023-11-10,,,,,,False,False,False,True,,,0.0,,9649.25,170.3846139375634,-130.5,9437.111111111111,302.6712095841208,-169.66666666666666,0,-1527.0,False,-1.0694610875848194,Relief
2023-11-11,,,,,,False,False,False,True,,,0.0,,9649.25,170.3846139375634,-130.5,9437.111111111111,302.6712095841208,-169.66666666666666,0,-1527.0,False,-1.0998678040996486,Relief
2023-11-12,96.0,160.0,233.0,9477.0,313.0,True,False,True,False,9637.0,-80.0,-2.2616632860040564,1.3433476394849786,9682.75,143.02068614942448,-99.75,9507.888888888889,259.00841899659264,-142.88888888888889,0,-1286.0,False,-1.0783580701311166,Relief
2023-11-13,141.0,173.0,129.0,9510.0,287.0,False,False,False,False,9683.0,-158.0,0.4773269689737569,2.2248062015503876,9723.75,96.30982988936525,-100.0,9575.222222222223,206.42115793795844,-130.77777777777777,0,-1177.0,False,-1.0441535262907464,Relief
2023-11-14,116.0,181.0,182.0,9665.0,247.0,True,False,True,False,9846.0,-65.0,1.6833625942373143,1.3571428571428572,9756.5,113.14445044566475,-105.5,9655.333333333334,138.62629620675432,-109.0,0,-981.0,False,-1.002967297474449,Relief
2023-11-15,150.0,157.0,201.0,9762.0,316.0,True,False,True,False,9919.0,-115.0,0.7414178346536682,1.572139303482587,9771.25,133.20254001576447,-104.5,9703.555555555555,147.1887488151871,-112.66666666666667,0,-1014.0,False,-0.9761986969890388,Normal
2023-11-16,80.0,176.0,125.0,9762.0,374.0,False,False,False,False,9938.0,-249.0,0.191551567698367,2.992,9804.6,137.36193067945823,-133.4,9735.555555555555,164.39138595978812,-132.11111111111111,0,-1189.0,False,-0.922012736246719,Normal
2023-11-17,,,,,,False,False,False,True,,,0.0,,9804.6,137.36193067945823,-133.4,9735.555555555555,164.39138595978812,-132.11111111111111,0,-1189.0,False,-0.9192153571908969,Normal
2023-11-18,,,,,,False,False,False,True,,,0.0,,9804.6,137.36193067945823,-133.4,9735.555555555555,164.39138595978812,-132.11111111111111,0,-1189.0,False,-0.9184712971385576,Normal
2023-11-19,116.0,188.0,164.0,9573.0,435.0,False,False,False,False,9761.0,-271.0,-1.7810424632722865,2.652439024390244,9829.4,107.48162633672861,-171.6,9764.222222222223,139.35815169715224,-139.66666666666666,0,-1257.0,False,-0.8800914974725091,Normal
2023-11-20,105.0,185.0,158.0,9638.0,298.0,False,False,False,False,9823.0,-140.0,0.635180821637138,1.8860759493670887,9857.4,72.27931931049115,-168.0,9798.0,105.12968182203242,-137.77777777777777,0,-1240.0,False,-0.8359525691433979,Normal
2023-11-21,136.0,246.0,123.0,9804.0,250.0,False,False,False,False,10050.0,-127.0,2.310902982795482,2.032520325203252,9898.2,111.28656702400185,-180.4,9835.222222222223,128.72623836827486,-147.11111111111111,0,-1324.0,False,-0.7712187370689588,Normal
2023-11-22,,,,,,False,False,False,True,,,0.0,,9893.0,127.79932185520492,-196.75,9832.125,137.25517164339877,-150.625,0,-1205.0,False,-0.7752995220147632,Normal
2023-11-23,128.0,228.0,177.0,9838.0,283.0,False,False,False,False,10066.0,-106.0,0.1592039800994982,1.5988700564971752,9925.0,155.7840385490437,-161.0,9858.111111111111,150.2052299725692,-145.66666666666666,0,-1311.0,False,-0.7233711808472809,Normal
2023-11-24,,,,,,False,False,False,True,,,0.0,,9925.0,155.7840385490437,-161.0,9858.111111111111,150.2052299725692,-145.66666666666666,0,-1311.0,False,-0.7204349799089604,Normal
2023-11-25,,,,,,False,False,False,True,,,0.0,,9925.0,155.7840385490437,-161.0,9858.111111111111,150.2052299725692,-145.66666666666666,0,-1311.0,False,-0.7154133545946892,Normal
2023-11-26,90.0,196.0,205.0,9845.0,312.0,True,False,True,False,10041.0,-107.0,-0.24836081859725967,1.5219512195121951,9995.0,115.13180852099873,-120.0,9903.0,135.51568174938626,-148.66666666666666,0,-1338.0,False,-0.6038675102434092,Normal
2023-11-27,56.0,82.0,68.0,10123.0,214.0,False,False,False,False,10205.0,-146.0,1.6333034558311033,3.1470588235294117,10090.5,77.03029706971394,-121.5,9961.0,141.17542279023104,-147.33333333333334,0,-1326.0,False,-0.45479799620882616,Normal
2023-11-28,74.0,103.0,80.0,10223.0,223.0,False,False,False,False,10326.0,-143.0,1.185693287604117,2.7875,10159.5,132.3845408899682,-125.5,10014.333333333334,178.13057008834875,-156.0,0,-1404.0,False,-0.3463225312790835,Normal
2023-11-29,68.0,107.0,102.0,10398.0,284.0,False,False,False,False,10505.0,-182.0,1.73348828200659,2.784313725490196,10228.6,192.4014033212474,-136.8,10079.444444444445,236.4725729926781,-163.44444444444446,0,-1471.0,False,-0.23848183389477617,Normal
2023-11-30,92.0,124.0,93.0,10536.0,320.0,False,False,False,False,10660.0,-227.0,1.47548786292242,3.4408602150537635,10347.4,243.50215604791768,-161.0,10159.666666666666,297.16830248194225,-161.0,0,-1449.0,False,-0.05731194490804786,Normal
2023-12-01,,,,,,False,False,False,True,,,0.0,,10347.4,243.50215604791768,-161.0,10159.666666666666,297.16830248194225,-161.0,0,-1449.0,False,-0.0564778349641744,Normal
2023-12-02,,,,,,False,False,False,True,,,0.0,,10347.4,243.50215604791768,-161.0,10159.666666666666,297.16830248194225,-161.0,0,-1449.0,False,-0.05463215917920709,Normal
2023-12-03,132.0,235.0,197.0,10579.0,417.0,False,False,False,False,10814.0,-220.0,1.4446529080675452,2.116751269035533,10502.0,245.71426495013108,-183.6,10276.666666666666,326.43682390318395,-155.33333333333334,0,-1398.0,False,0.17920791874651443,Normal
2023-12-04,174.0,208.0,256.0,10635.0,273.0,True,False,True,False,10843.0,-17.0,0.2681708895875712,1.06640625,10629.6,216.89006431826763,-157.8,10390.0,326.30660428498453,-141.66666666666666,0,-1275.0,False,0.36973190132455847,Normal
2023-12-05,123.0,230.0,167.0,10761.0,261.0,False,False,False,False,10991.0,-94.0,1.364935903347786,1.562874251497006,10762.6,185.84751814318486,-148.0,10494.555555555555,353.3804999964974,-138.0,0,-1242.0,False,0.5650705551896625,Normal
2023-12-06,123.0,233.0,159.0,10832.0,376.0,False,False,False,False,11065.0,-217.0,0.6732781366572738,2.3647798742138364,10874.6,158.52854632519885,-155.0,10551.6,378.87089563009766,-145.9,0,-1459.0,False,0.7263491464409509,Normal
2023-12-07,141.0,232.0,188.0,10897.0,466.0,False,False,False,False,11129.0,-278.0,0.5784003615002309,2.478723404255319,10968.4,137.112362681051,-165.2,10657.9,376.60396233236924,-163.1,0,-1631.0,False,0.8567172766120732,Normal
2023-12-08,,,,,,False,False,False,True,,,0.0,,10968.4,137.112362681051,-165.2,10657.9,376.60396233236924,-163.1,0,-1631.0,False,0.8456228092328149,Normal
2023-12-09,,,,,,False,False,False,True,,,0.0,,10968.4,137.112362681051,-165.2,10657.9,376.60396233236924,-163.1,0,-1631.0,False,0.83490602003427,Normal
2023-12-10,158.0,226.0,191.0,10871.0,411.0,False,False,False,False,11097.0,-220.0,-0.2875370653248277,2.1518324607329844,11025.0,113.88590781997401,-165.2,10763.5,329.51218153168946,-174.4,0,-1744.0,False,0.9085366222748394,Normal
2023-12-11,96.0,160.0,233.0,10998.0,304.0,True,False,True,False,11158.0,-71.0,0.5496981166080994,1.3047210300429184,11088.0,64.42049363346342,-176.0,10858.8,284.8179925652228,-166.9,0,-1669.0,False,0.9912497004794556,Normal
2023-12-12,141.0,173.0,129.0,11077.0,259.0,False,False,False,False,11250.0,-130.0,0.8245205233912811,2.007751937984496,11139.8,70.74390433089414,-183.2,10951.2,238.95039001617542,-165.6,0,-1656.0,False,1.0570789889803105,Stress
2023-12-13,116.0,181.0,182.0,11192.0,335.0,True,False,True,False,11373.0,-153.0,1.093333333333324,1.8406593406593406,11201.4,111.61675501455072,-170.4,11038.0,215.34313703171338,-162.7,0,-1627.0,False,1.1373604709400398,Stress
2023-12-14,150.0,157.0,201.0,11242.0,396.0,True,False,True,False,11399.0,-195.0,0.2286116240218128,1.9701492537313432,11255.4,131.39368325752125,-153.8,11111.9,197.2530523633506,-159.5,0,-1595.0,False,1.2037521720712072,Stress
2023-12-15,,,,,,False,False,False,True,,,0.0,,11255.4,131.39368325752125,-153.8,11111.9,197.2530523633506,-159.5,0,-1595.0,False,1.1912420305522289,Stress
2023-12-16,,,,,,False,False,False,True,,,0.0,,11255.4,131.39368325752125,-153.8,11111.9,197.2530523633506,-159.5,0,-1595.0,False,1.1818583425213804,Stress
2023-12-17,80.0,176.0,125.0,11092.0,456.0,False,False,False,False,11268.0,-331.0,-1.149223616106676,3.648,11289.6,97.82279897844647,-176.0,11157.3,171.6553717966857,-170.6,0,-1706.0,False,1.223633181289623,Stress
2023-12-18,116.0,188.0,164.0,11149.0,364.0,False,False,False,False,11337.0,-200.0,0.6123535676251235,2.2195121951219514,11325.4,64.80200614161043,-201.8,11206.7,139.16181628270905,-188.9,0,-1889.0,False,1.2689741008333904,Stress
2023-12-19,105.0,185.0,158.0,11291.0,272.0,False,False,False,False,11476.0,-114.0,1.2260739172620605,1.7215189873417722,11370.6,76.7743446730547,-198.6,11255.2,140.14579709871904,-190.9,0,-1909.0,False,1.3284480834840484,Stress
2023-12-20,136.0,246.0,123.0,11516.0,390.0,False,False,False,False,11762.0,-267.0,2.492157546183349,3.1707317073170733,11448.4,191.37737588329608,-221.4,11324.9,196.88036412442986,-195.9,0,-1959.0,False,1.4318280434957986,Stress
2023-12-21,128.0,228.0,177.0,11375.0,497.0,False,False,False,False,11603.0,-320.0,-1.3518109165107983,2.8079096045197742,11489.2,199.77412244826934,-246.4,11372.3,201.48120949053236,-200.1,0,-2001.0,False,1.4799278636517403,Stress
2023-12-22,,,,,,False,False,False,True,,,0.0,,11489.2,199.77412244826934,-246.4,11372.3,201.48120949053236,-200.1,0,-2001.0,False,1.4700321777042762,Stress
2023-12-23,,,,,,False,False,False,True,,,0.0,,11489.2,199.77412244826934,-246.4,11372.3,201.48120949053236,-200.1,0,-2001.0,False,1.461159272598785,Stress
2023-12-24,,,,,,False,False,False,True,,,0.0,,11544.5,181.17854913491917,-225.25,11402.888888888889,187.4636261014377,-197.88888888888889,0,-1781.0,False,1.525870808994971,Stress
2023-12-25,90.0,196.0,205.0,11144.0,347.0,True,False,True,False,11340.0,-142.0,-2.266655175385679,1.6926829268292682,11545.25,180.0358760542862,-210.75,11423.111111111111,166.3749113030552,-205.77777777777777,0,-1852.0,False,1.5131161013321446,Stress
2023-12-26,56.0,82.0,68.0,11217.0,288.0,False,False,False,False,11299.0,-220.0,-0.36155202821869237,4.235294117647059,11501.0,220.03787552745254,-237.25,11428.555555555555,160.7071180059119,-215.77777777777777,0,-1942.0,False,1.440142732385977,Stress
2023-12-27,74.0,103.0,80.0,11206.0,335.0,False,False,False,False,11309.0,-255.0,0.08850340738117968,4.1875,11387.75,144.55765862324924,-234.25,11421.444444444445,164.83560834287638,-227.11111111111111,0,-2044.0,False,1.2763243800788076,Stress
2023-12-28,68.0,107.0,102.0,11230.0,357.0,False,False,False,False,11337.0,-255.0,0.2475904147139385,3.5,11321.25,20.369503347812767,-218.0,11414.555555555555,167.1699069143911,-233.77777777777777,0,-2104.0,False,1.18033642284487,Stress
2023-12-29,,,,,,False,False,False,True,,,0.0,,11321.25,20.369503347812767,-218.0,11414.555555555555,167.1699069143911,-233.77777777777777,0,-2104.0,False,1.1760175397608224,Stress
2023-12-30,,,,,,False,False,False,True,,,0.0,,11321.25,20.369503347812767,-218.0,11414.555555555555,167.1699069143911,-233.77777777777777,0,-2104.0,False,1.1689204391580141,Stress
2023-12-31,,,,,,False,False,False,True,,,0.0,,11321.25,20.369503347812767,-218.0,11432.875,168.77833095509212,-221.625,0,-1773.0,False,1.1606683084294842,Stress
2024-01-01,92.0,124.0,93.0,10870.0,290.0,False,False,False,False,10994.0,-197.0,-3.0254917526682523,3.118279569892473,11234.75,161.30380239361207,-231.75,11390.0,229.32073608809776,-221.25,0,-1770.0,False,1.0362680124901082,Stress
2024-01-02,113.0,162.0,107.0,10770.0,316.0,False,False,False,False,10932.0,-209.0,-0.5639439694378745,2.953271028037383,11143.0,209.6934270150234,-229.0,11322.0,276.0672795843984,-233.125,0,-1865.0,False,0.9067012453070736,Normal
2024-01-03,106.0,196.0,131.0,10718.0,263.0,False,False,False,False,10914.0,-132.0,-0.16465422612513825,2.0076335877862594,11044.25,198.15208805352665,-198.25,11216.0,243.91684765800193,-216.25,0,-1730.0,False,0.7709595560184784,Normal
2024-01-04,86.0,152.0,168.0,10558.0,362.0,True,False,True,False,10710.0,-194.0,-1.869158878504673,2.1547619047619047,10887.5,123.1949674295752,-183.0,11104.375,245.83788938471656,-200.5,0,-1604.0,False,0.5602290740149032,Normal
2024-01-05,,,,,,False,False,False,True,,,0.0,,10887.5,123.1949674295752,-183.0,11104.375,245.83788938471656,-200.5,0,-1604.0,False,0.5617695176546739,Normal
2024-01-06,,,,,,False,False,False,True,,,0.0,,10887.5,123.1949674295752,-183.0,11104.375,245.83788938471656,-200.5,0,-1604.0,False,0.5646017410546699,Normal
2024-01-07,84.0,118.0,136.0,9670.0,367.0,True,False,True,False,9788.0,-231.0,-8.608776844070965,2.698529411764706,10667.6,503.15285947709964,-192.6,10958.111111111111,495.39868904863175,-203.88888888888889,0,-1835.0,False,0.27209945525577395,Normal
2024-01-08,59.0,64.0,117.0,9670.0,367.0,True,False,True,False,9734.0,-250.0,-0.5516959542296695,3.1367521367521367,10415.6,604.1943395961134,-203.2,10779.666666666666,615.3643229827296,-215.88888888888889,0,-1943.0,False,-0.0620822361642462,Normal
2024-01-09,62.0,97.0,52.0,9311.0,286.0,False,False,False,False,9408.0,-234.0,-3.3490856790630796,5.5,10110.8,660.3553588788279,-208.2,10569.555555555555,728.3395690045766,-217.44444444444446,0,-1957.0,False,-0.46559449438582423,Normal
2024-01-10,91.0,75.0,97.0,9144.0,349.0,True,False,True,False,9219.0,-252.0,-2.00892857142857,3.597938144329897,9771.8,574.4233630346073,-232.2,10337.333333333334,793.3872005521617,-217.11111111111111,0,-1954.0,False,-0.9096850014711304,Normal
2024-01-11,29.0,51.0,11.0,8829.0,476.0,False,False,False,False,8880.0,-465.0,-3.6771884152294154,43.27272727272727,9405.8,375.88455674580575,-286.4,10064.333333333334,828.3592215941088,-240.44444444444446,0,-2164.0,False,-1.3754033271097814,Relief
2024-01-12,,,,,,False,False,False,True,,,0.0,,9405.8,375.88455674580575,-286.4,10064.333333333334,828.3592215941088,-240.44444444444446,0,-2164.0,False,-1.3421969169103058,Relief
2024-01-13,,,,,,False,False,False,True,,,0.0,,9405.8,375.88455674580575,-286.4,10064.333333333334,828.3592215941088,-240.44444444444446,0,-2164.0,False,-1.310223681516701,Relief
2024-01-14,,,,,,False,False,False,True,,,0.0,,9310.25,357.0997759730308,-300.25,10064.333333333334,828.3592215941088,-240.44444444444446,0,-2164.0,False,-1.4023173765772163,Relief
2024-01-15,33.0,53.0,34.0,8033.0,234.0,False,False,False,False,8086.0,-200.0,-8.941441441441444,6.882352941176471,8898.25,583.8974653138965,-287.75,9741.222222222223,974.6375964657042,-240.77777777777777,0,-2167.0,False,-1.8852101250098563,Relief
2024-01-16,32.0,49.0,39.0,8133.0,188.0,False,False,False,False,8182.0,-149.0,1.187237200098945,4.82051282051282,8591.75,547.7860744244318,-266.5,9435.666666666666,985.6655112156469,-234.11111111111111,0,-2107.0,False,-2.194140918628228,Relief
2024-01-17,80.0,176.0,125.0,8072.0,353.0,False,False,False,False,8248.0,-228.0,0.8066487411390932,2.824,8349.0,360.194391960783,-260.5,9139.444444444445,880.8835211183045,-244.77777777777777,0,-2203.0,False,-2.390431727040383,Relief
2024-01-18,116.0,188.0,164.0,8042.0,359.0,False,False,False,False,8230.0,-195.0,-0.21823472356935492,2.1890243902439024,8186.5,72.56031973468494,-193.0,8863.888888888889,696.8422426282133,-244.88888888888889,0,-2204.0,False,-2.468853412940435,Relief
2024-01-19,,,,,,False,False,False,True,,,0.0,,8186.5,72.56031973468494,-193.0,8863.888888888889,696.8422426282133,-244.88888888888889,0,-2204.0,False,-2.360736358758288,Relief
2024-01-20,,,,,,False,False,False,True,,,0.0,,8186.5,72.56031973468494,-193.0,8863.888888888889,696.8422426282133,-244.88888888888889,0,-2204.0,False,-2.263645261185,Relief
2024-01-21,105.0,185.0,158.0,7974.0,371.0,False,False,False,False,8159.0,-213.0,-0.8626974483596617,2.348101265822785,8181.0,64.03124237432708,-197.0,8682.888888888889,635.6837744595334,-242.88888888888889,0,-2186.0,False,-2.1828107924806583,Relief
2024-01-22,136.0,246.0,123.0,8008.0,222.0,False,False,False,False,8254.0,-99.0,1.164358377252106,1.8048780487804879,8214.6,42.00952272996671,-176.8,8518.444444444445,508.48847359383365,-226.11111111111111,0,-2035.0,False,-2.0731175814652403,Relief
2024-01-23,128.0,228.0,177.0,8133.0,202.0,False,False,False,False,8361.0,-25.0,1.296341167918591,1.1412429378531073,8250.4,72.49344797979556,-152.0,8402.111111111111,384.0837943875281,-202.88888888888889,0,-1826.0,False,-1.974876953905845,Relief
2024-01-24,90.0,196.0,205.0,8212.0,243.0,True,False,True,False,8408.0,-38.0,0.5621337160626627,1.1853658536585365,8282.4,100.91233819508433,-114.0,8312.0,234.47014735358218,-179.11111111111111,0,-1612.0,False,-1.8928024391072338,Relief
2024-01-25,102.0,189.0,155.0,8180.0,293.0,False,False,False,False,8369.0,-138.0,-0.4638439581351128,1.8903225806451613,8310.2,102.00833299294169,-102.6,8255.222222222223,106.90039496865957,-142.77777777777777,0,-1285.0,False,-1.8200989525514195,Relief
2024-01-26,,,,,,False,False,False,True,,,0.0,,8310.2,102.00833299294169,-102.6,8255.222222222223,106.90039496865957,-142.77777777777777,0,-1285.0,False,-1.7779121907329554,Relief
2024-01-27,,,,,,False,False,False,True,,,0.0,,8310.2,102.00833299294169,-102.6,8255.222222222223,106.90039496865957,-142.77777777777777,0,-1285.0,False,-1.7409999718290976,Relief
2024-01-28,120.0,257.0,126.0,8004.0,307.0,False,False,False,False,8261.0,-181.0,-1.2904767594694722,2.4365079365079363,8330.6,69.10354549513889,-96.2,8255.8,100.80321864354649,-146.6,0,-1466.0,False,-1.68948723298504,Relief
2024-01-29,137.0,272.0,166.0,8057.0,195.0,False,False,False,False,8329.0,-29.0,0.8231448977121358,1.1746987951807228,8345.6,55.02544865785861,-82.2,8280.1,83.04811189243551,-129.5,0,-1295.0,False,-1.647298016655813,Relief
2024-01-30,93.0,198.0,208.0,8182.0,187.0,True,False,True,False,8380.0,21.0,0.6123184055708997,0.8990384615384616,8349.4,56.97631086687343,-73.0,8299.9,80.62871007834872,-112.5,2,-1125.0,False,-1.6166687611561452,Relief
2024-01-31,203.0,477.0,258.0,8153.0,266.0,False,False,False,False,8630.0,-8.0,2.9832935560859086,1.0310077519379846,8393.8,140.02749729963142,-67.0,8338.1,129.18070891416028,-90.5,0,-905.0,False,-1.5495502008743332,Relief
2024-02-01,222.0,459.0,289.0,8026.0,337.0,False,False,False,False,8485.0,-48.0,-1.6801853997682525,1.166089965397924,8417.0,144.43164473202575,-49.0,8363.6,130.6311176132943,-75.8,0,-758.0,False,-1.5043295579652096,Relief
2024-02-02,,,,,,False,False,False,True,,,0.0,,8417.0,144.43164473202575,-49.0,8363.6,130.6311176132943,-75.8,0,-758.0,False,-1.481318581453994,Relief
2024-02-03,,,,,,False,False,False,True,,,0.0,,8417.0,144.43164473202575,-49.0,8363.6,130.6311176132943,-75.8,0,-758.0,False,-1.4570170402863416,Relief
2024-02-04,253.0,531.0,248.0,7813.0,342.0,False,False,False,False,8344.0,-94.0,-1.6617560400707165,1.3790322580645162,8433.6,125.55596361781436,-31.6,8382.1,109.88928771979995,-63.9,0,-639.0,False,-1.4176173573726476,Relief
2024-02-05,157.0,466.0,345.0,7872.0,242.0,False,False,False,False,8338.0,103.0,-0.07190795781399917,0.7014492753623188,8435.4,123.73277657919887,-5.2,8390.5,101.93162196082709,-43.7,2,-437.0,False,-1.3905027925982851,Relief
2024-02-06,291.0,455.0,323.0,8045.0,178.0,False,False,False,False,8500.0,145.0,1.9429119692971897,0.5510835913312694,8459.4,121.92538702008602,19.6,8404.4,106.82197027457767,-26.7,3,-267.0,False,-1.3444594390972042,Relief
2024-02-07,227.0,453.0,330.0,8160.0,222.0,False,False,False,False,8613.0,108.0,1.32941176470589,0.6727272727272727,8456.0,116.07540652523156,42.8,8424.9,125.60825344436074,-12.1,4,-121.0,False,-1.323202428995502,Relief
2024-02-08,298.0,499.0,358.0,8188.0,315.0,False,False,False,False,8687.0,43.0,0.8591663764077495,0.8798882681564246,8496.4,156.72683241869422,61.0,8456.7,148.12010892068662,6.0,5,60.0,True,-1.2661192558119543,Relief
2024-02-09,,,,,,False,False,False,True,,,0.0,,8496.4,156.72683241869422,61.0,8456.7,148.12010892068662,6.0,0,60.0,True,-1.2445911105472507,Relief
2024-02-10,,,,,,False,False,False,True,,,0.0,,8496.4,156.72683241869422,61.0,8456.7,148.12010892068662,6.0,0,60.0,True,-1.223245076959015,Relief
2024-02-11,205.0,515.0,226.0,8056.0,347.0,False,False,False,False,8571.0,-121.0,-1.3353286520087493,1.5353982300884956,8541.8,132.55828906559225,55.6,8487.7,134.41730212707165,12.0,0,120.0,True,-1.1650505910004656,Relief
2024-02-12,213.0,430.0,440.0,8092.0,234.0,True,False,True,False,8522.0,206.0,-0.5716952514292384,0.5318181818181819,8578.6,74.78836807951379,76.2,8507.0,122.41913430691206,35.5,2,355.0,True,-1.115484111715809,Relief
2024-02-13,227.0,369.0,349.0,8348.0,160.0,False,False,False,False,8717.0,189.0,2.2881952593287957,0.4584527220630373,8622.0,80.51707893358102,85.0,8540.7,129.73995358240597,52.3,3,523.0,True,-1.0620411276716673,Relief
2024-02-14,185.0,322.0,272.0,8512.0,230.0,False,False,False,False,8834.0,42.0,1.3422048870024073,0.8455882352941176,8666.2,123.51801488040606,71.8,8561.1,158.24766103241916,57.3,4,573.0,True,-1.0092612029970676,Relief
2024-02-15,333.0,508.0,272.0,8463.0,312.0,False,False,False,False,8971.0,-40.0,1.5508263527280963,1.1470588235294117,8723.0,185.31459737429145,55.2,8609.7,201.10475435014249,58.1,0,581.0,True,-0.9479309801883551,Normal
2024-02-16,,,,,,False,False,False,True,,,0.0,,8723.0,185.31459737429145,55.2,8609.7,201.10475435014249,58.1,0,581.0,True,-0.933483747053257,Normal
2024-02-17,,,,,,False,False,False,True,,,0.0,,8723.0,185.31459737429145,55.2,8609.7,201.10475435014249,58.1,0,581.0,True,-0.9190585413494221,Normal
2024-02-18,,,,,,False,False,False,True,,,0.0,,8761.0,190.16308790086973,99.25,8639.222222222223,188.92708764085242,75.0,0,675.0,True,-0.8746515393748289,Normal
2024-02-19,249.0,420.0,371.0,8380.0,218.0,False,False,False,False,8800.0,153.0,-1.9061420131535,0.5876010781671159,8830.5,105.77491826197061,86.0,8690.555555555555,156.90212802185783,80.55555555555556,2,725.0,True,-0.8061570052824216,Normal
2024-02-20,149.0,395.0,273.0,8488.0,192.0,False,False,False,False,8883.0,81.0,0.9431818181818263,0.7032967032967034,8872.0,74.27426651714254,59.0,8733.111111111111,150.57012024674967,73.44444444444444,3,661.0,True,-0.7612570898561982,Normal
2024-02-21,232.0,430.0,318.0,8573.0,231.0,False,False,False,False,9003.0,87.0,1.3508949679162496,0.7264150943396226,8914.25,91.51821312354049,70.25,8776.444444444445,166.91473205738066,71.11111111111111,4,640.0,True,-0.7164256624296617,Normal
2024-02-22,165.0,400.0,292.0,8607.0,293.0,False,False,False,False,9007.0,-1.0,0.04442963456625648,1.0034246575342465,8923.25,100.30744405738636,80.0,8812.0,179.11658214696203,66.22222222222223,0,596.0,True,-0.698464792021248,Normal
2024-02-23,,,,,,False,False,False,True,,,0.0,,8923.25,100.30744405738636,80.0,8812.0,179.11658214696203,66.22222222222223,0,596.0,True,-0.687797026677261,Normal
2024-02-24,,,,,,False,False,False,True,,,0.0,,8923.25,100.30744405738636,80.0,8812.0,179.11658214696203,66.22222222222223,0,596.0,True,-0.6766881795159757,Normal
2024-02-25,244.0,482.0,366.0,8404.0,329.0,False,False,False,False,8886.0,37.0,-1.3433995781059194,0.8989071038251366,8915.8,88.45168172507704,71.4,8847.0,155.33512159202564,83.77777777777777,2,754.0,True,-0.6707680104373777,Normal
2024-02-26,199.0,438.0,326.0,8404.0,329.0,False,False,False,False,8842.0,-3.0,-0.4951609273013746,1.00920245398773,8924.2,75.7937992186317,40.2,8882.555555555555,97.50270651518944,60.55555555555556,0,545.0,True,-0.6520831151367272,Normal
2024-02-27,197.0,369.0,306.0,8650.0,206.0,False,False,False,False,9019.0,100.0,2.0018095453517404,0.673202614379085,8951.4,81.50030674785252,44.0,8916.111111111111,84.5050951784596,50.666666666666664,2,456.0,True,-0.6186232905537813,Normal
2024-02-28,209.0,447.0,274.0,8699.0,257.0,False,False,False,False,9146.0,17.0,1.4081383745426335,0.9379562043795621,8980.0,120.0895499200235,30.0,8950.777777777777,107.48229828420054,47.888888888888886,3,431.0,True,-0.5838022596485452,Normal
2024-02-29,262.0,444.0,354.0,8724.0,299.0,False,False,False,False,9168.0,55.0,0.2405423135797058,0.844632768361582,9012.2,147.57777610464797,41.2,8972.666666666666,129.84798804759907,58.44444444444444,4,526.0,True,-0.5466436067894762,Normal
2024-03-01,,,,,,False,False,False,True,,,0.0,,9012.2,147.57777610464797,41.2,8972.666666666666,129.84798804759907,58.44444444444444,0,526.0,True,-0.5348820264227832,Normal
2024-03-02,,,,,,False,False,False,True,,,0.0,,9012.2,147.57777610464797,41.2,8972.666666666666,129.84798804759907,58.44444444444444,0,526.0,True,-0.5222659261280972,Normal
2024-03-03,236.0,468.0,347.0,8594.0,354.0,False,False,False,False,9062.0,-7.0,-1.1561954624781823,1.0201729106628241,9047.4,129.87994456417573,32.4,8981.6,125.63898899451539,51.9,0,519.0,True,-0.481666561467636,Normal
2024-03-04,225.0,509.0,340.0,8660.0,229.0,False,False,False,False,9169.0,111.0,1.1807548002648494,0.6735294117647059,9112.8,68.34983540574812,55.2,9018.5,120.4576919734232,47.7,2,477.0,True,-0.4170824557179219,Normal
2024-03-05,246.0,472.0,345.0,8800.0,214.0,False,False,False,False,9272.0,131.0,1.12335041989311,0.6202898550724638,9163.4,74.88524554271342,61.4,9057.4,133.89896688676157,52.7,3,527.0,True,-0.36375358729951857,Normal
2024-03-06,230.0,457.0,277.0,8870.0,232.0,False,False,False,False,9327.0,45.0,0.5931837791199213,0.8375451263537906,9199.6,102.88488713116345,67.0,9089.8,156.55584733040877,48.5,4,485.0,True,-0.3213030427992828,Normal
2024-03-07,181.0,424.0,328.0,8902.0,305.0,False,False,False,False,9326.0,23.0,-0.010721561059290341,0.9298780487804879,9231.2,114.37525956251217,60.6,9121.7,169.7534486640624,50.9,5,509.0,True,-0.2824268707212381,Normal
2024-03-08,,,,,,False,False,False,True,,,0.0,,9231.2,114.37525956251217,60.6,9121.7,169.7534486640624,50.9,0,509.0,True,-0.2686997557996145,Normal
2024-03-09,,,,,,False,False,False,True,,,0.0,,9231.2,114.37525956251217,60.6,9121.7,169.7534486640624,50.9,0,509.0,True,-0.25450609956272163,Normal
2024-03-10,190.0,368.0,326.0,8714.0,373.0,False,False,False,False,9082.0,-47.0,-2.6163414111087246,1.1441717791411044,9235.2,107.09668528947105,52.6,9141.3,149.63886155975044,42.5,0,425.0,True,-0.23652001205477302,Normal
2024-03-11,178.0,336.0,290.0,8757.0,253.0,False,False,False,False,9093.0,37.0,0.12111869632238648,0.8724137931034482,9220.0,123.04673908719464,37.8,9166.4,109.53355650214915,46.5,2,465.0,True,-0.2337667087404595,Normal
2024-03-12,154.0,294.0,290.0,8843.0,213.0,False,False,False,False,9137.0,77.0,0.4838887055977015,0.7344827586206897,9193.0,123.59409370998426,27.0,9178.2,97.59530954125844,44.2,3,442.0,True,-0.2403223441721564,Normal
2024-03-13,165.0,358.0,167.0,8819.0,239.0,False,False,False,False,9177.0,-72.0,0.43778045310276514,1.4311377245508983,9163.0,98.6179496845915,3.6,9181.3,96.94907024944514,35.3,0,353.0,True,-0.24908221760038893,Normal
2024-03-14,166.0,301.0,252.0,8695.0,310.0,False,False,False,False,8996.0,-58.0,-1.9723221096218824,1.2301587301587302,9097.0,67.90066273603784,-12.6,9164.1,113.42785274255735,24.0,0,240.0,True,-0.28856910886283305,Normal
2024-03-15,,,,,,False,False,False,True,,,0.0,,9097.0,67.90066273603784,-12.6,9164.1,113.42785274255735,24.0,0,240.0,True,-0.27162410275647153,Normal
2024-03-16,,,,,,False,False,False,True,,,0.0,,9097.0,67.90066273603784,-12.6,9164.1,113.42785274255735,24.0,0,240.0,True,-0.2541758777655933,Normal
2024-03-17,127.0,260.0,259.0,8373.0,342.0,False,False,False,False,8633.0,-83.0,-4.035126722987991,1.3204633204633205,9007.2,219.768514578394,-19.8,9121.2,202.49323719848115,16.4,0,164.0,True,-0.31621493101922105,Normal
2024-03-18,123.0,243.0,188.0,8333.0,283.0,False,False,False,False,8576.0,-95.0,-0.6602571527858259,1.5053191489361701,8903.8,282.0934242409676,-46.2,9061.9,264.32826813139394,-4.2,0,-42.0,False,-0.3918600876896993,Normal
2024-03-19,99.0,202.0,256.0,8390.0,197.0,True,False,True,False,8592.0,59.0,0.1865671641791078,0.76953125,8794.8,274.6537820602427,-49.8,8993.9,290.44963227536897,-11.4,2,-114.0,False,-0.47465943536577115,Normal
2024-03-20,91.0,181.0,174.0,8365.0,227.0,False,False,False,False,8546.0,-53.0,-0.5353817504655467,1.3045977011494252,8668.6,185.69544959421106,-46.0,8915.8,295.8812824991483,-21.2,0,-212.0,False,-0.5765611703343196,Normal
2024-03-21,132.0,261.0,141.0,8292.0,235.0,False,False,False,False,8553.0,-94.0,0.08190966534051825,1.6666666666666667,8580.0,34.835326896654195,-53.2,8838.5,277.19197118404355,-32.9,0,-329.0,False,-0.6459395612651918,Normal
2024-03-22,,,,,,False,False,False,True,,,0.0,,8580.0,34.835326896654195,-53.2,8838.5,277.19197118404355,-32.9,0,-329.0,False,-0.6305846096332944,Normal
2024-03-23,,,,,,False,False,False,True,,,0.0,,8580.0,34.835326896654195,-53.2,8838.5,277.19197118404355,-32.9,0,-329.0,False,-0.6158820878891942,Normal
2024-03-24,124.0,264.0,221.0,7899.0,373.0,False,False,False,False,8163.0,-152.0,-4.559803577692034,1.6877828054298643,8486.0,181.4896691274672,-67.0,8746.6,334.0110443949176,-43.4,0,-434.0,False,-0.7011675781662808,Normal
2024-03-25,128.0,242.0,224.0,7899.0,229.0,False,False,False,False,8141.0,-5.0,-0.26950875903466454,1.0223214285714286,8399.0,226.29295172408317,-49.0,8651.4,359.04168745890524,-47.6,0,-476.0,False,-0.7843659034396611,Normal
2024-03-26,187.0,276.0,200.0,7919.0,208.0,False,False,False,False,8195.0,-8.0,0.6633091757769272,1.04,8319.6,210.760053141004,-62.4,8557.2,340.5804848588225,-56.1,0,-561.0,False,-0.8636307075592299,Normal
2024-03-27,129.0,287.0,185.0,7893.0,215.0,False,False,False,False,8180.0,-30.0,-0.18303843807199183,1.162162162162162,8246.4,172.56824736897377,-57.8,8457.5,279.42053133822566,-51.9,0,-519.0,False,-0.9407019344055423,Normal
2024-03-28,161.0,288.0,248.0,7762.0,360.0,False,False,False,False,8050.0,-112.0,-1.58924205378973,1.4516129032258065,8145.8,57.19877621068555,-61.4,8362.9,233.15824383167083,-57.3,0,-573.0,False,-1.0577729614303935,Relief
2024-03-29,,,,,,False,False,False,True,,,0.0,,8145.8,57.19877621068555,-61.4,8362.9,233.15824383167083,-57.3,0,-573.0,False,-1.0585366241446414,Relief
2024-03-30,,,,,,False,False,False,True,,,0.0,,8145.8,57.19877621068555,-61.4,8362.9,233.15824383167083,-57.3,0,-573.0,False,-1.0640673322796377,Relief
2024-03-31,105.0,254.0,151.0,7257.0,287.0,False,False,False,False,7511.0,-136.0,-6.695652173913047,1.900662251655629,8015.4,287.55051730087547,-58.2,8250.7,336.0152278295356,-62.6,0,-626.0,False,-1.2537855019757833,Relief
2024-04-01,109.0,235.0,171.0,7271.0,172.0,False,False,False,False,7506.0,-1.0,-0.06656903208627218,1.0058479532163742,7888.4,351.35779484736366,-57.4,8143.7,387.3591643710305,-53.2,0,-532.0,False,-1.4546672550140378,Relief
2024-04-02,101.0,230.0,175.0,7340.0,132.0,False,False,False,False,7570.0,43.0,0.8526512123634422,0.7542857142857143,7763.4,325.2150058038575,-47.2,8041.5,390.74494380748104,-54.8,2,-548.0,False,-1.6677817765383391,Relief
2024-04-03,124.0,230.0,190.0,7346.0,163.0,False,False,False,False,7576.0,27.0,0.07926023778070945,0.8578947368421053,7642.6,230.03217166301755,-35.8,7944.5,371.5155896235491,-46.8,3,-468.0,False,-1.8820476723438602,Relief
2024-04-04,95.0,226.0,152.0,7317.0,225.0,False,False,False,False,7543.0,-73.0,-0.4355860612460405,1.480263157894737,7541.2,32.38363784389786,-28.0,7843.5,321.65103588965553,-44.7,0,-447.0,False,-2.0855456707258098,Relief
2024-04-05,,,,,,False,False,False,True,,,0.0,,7541.2,32.38363784389786,-28.0,7843.5,321.65103588965553,-44.7,0,-447.0,False,-2.1414027708064203,Relief
2024-04-06,,,,,,False,False,False,True,,,0.0,,7541.2,32.38363784389786,-28.0,7843.5,321.65103588965553,-44.7,0,-447.0,False,-2.1864385974061964,Relief
2024-04-07,106.0,239.0,233.0,6982.0,279.0,False,False,False,False,7221.0,-46.0,-4.268858544345755,1.1974248927038627,7483.2,149.1566290850163,-10.0,7749.3,353.99687694793033,-34.1,0,-341.0,False,-2.319229917835846,Relief
2024-04-08,102.0,230.0,167.0,6988.0,199.0,False,False,False,False,7218.0,-32.0,-0.041545492314087884,1.1916167664670658,7425.6,188.55582727671282,-16.2,7657.0,360.7834068616038,-36.8,0,-368.0,False,-2.4158789823699185,Relief
2024-04-09,118.0,231.0,217.0,7043.0,130.0,False,False,False,False,7274.0,87.0,0.775838182321964,0.5990783410138248,7366.4,178.0598214084413,-7.4,7564.9,323.84888451251214,-27.3,2,-273.0,False,-2.4734143501859447,Relief
2024-04-10,117.0,244.0,142.0,6999.0,227.0,False,False,False,False,7243.0,-85.0,-0.42617541930162206,1.5985915492957747,7299.8,137.7849774104801,-29.8,7471.2,254.1604042944319,-32.8,0,-328.0,False,-2.507411907089969,Relief
2024-04-11,183.0,221.0,220.0,6912.0,285.0,False,False,False,False,7133.0,-65.0,-1.518707717796497,1.2954545454545454,7217.8,52.428045929703636,-28.2,7379.5,175.32778825197937,-28.1,0,-281.0,False,-2.563198878249814,Relief
2024-04-12,,,,,,False,False,False,True,,,0.0,,7217.8,52.428045929703636,-28.2,7379.5,175.32778825197937,-28.1,0,-281.0,False,-2.46743022128409,Relief
2024-04-13,,,,,,False,False,False,True,,,0.0,,7217.8,52.428045929703636,-28.2,7379.5,175.32778825197937,-28.1,0,-281.0,False,-2.3753671514741224,Relief
2024-04-14,128.0,245.0,243.0,6630.0,290.0,False,False,False,False,6875.0,-47.0,-3.6169914481985144,1.1934156378600822,7148.6,161.6734362844052,-28.4,7315.9,229.35583707417894,-19.2,0,-192.0,False,-2.39429192263494,Relief
2024-04-15,144.0,303.0,176.0,6681.0,191.0,False,False,False,False,6984.0,-15.0,1.5854545454545566,1.0852272727272727,7101.8,170.20487654590858,-25.0,7263.7,240.41817734937823,-20.6,0,-206.0,False,-2.3701994892553726,Relief
2024-04-16,219.0,392.0,205.0,6685.0,163.0,False,False,False,False,7077.0,42.0,1.3316151202749094,0.7951219512195122,7062.4,140.60512081716038,-34.0,7214.4,220.33822485744543,-20.7,2,-207.0,False,-2.3384217603298403,Relief
2024-04-17,182.0,371.0,274.0,6725.0,227.0,False,False,False,False,7096.0,47.0,0.2684753426593245,0.8284671532846716,7033.0,104.00721128848951,-7.6,7166.4,181.70929163546722,-18.7,3,-187.0,False,-2.2969539736390936,Relief
2024-04-18,144.0,322.0,258.0,6728.0,260.0,False,False,False,False,7050.0,-2.0,-0.6482525366403591,1.0077519379844961,7016.4,89.69559632450533,5.0,7117.1,126.74598393811462,-11.6,0,-116.0,False,-2.2383829676467553,Relief
2024-04-19,,,,,,False,False,False,True,,,0.0,,7016.4,89.69559632450533,5.0,7117.1,126.74598393811462,-11.6,0,-116.0,False,-2.1596623584246584,Relief
2024-04-20,,,,,,False,False,False,True,,,0.0,,7016.4,89.69559632450533,5.0,7117.1,126.74598393811462,-11.6,0,-116.0,False,-2.0872792043880835,Relief
2024-04-21,208.0,380.0,343.0,6745.0,240.0,False,False,False,False,7125.0,103.0,1.0638297872340496,0.6997084548104956,7066.4,53.57518082105021,35.0,7107.5,121.53028886293089,3.3,2,33.0,True,-1.9491773708197833,Relief
2024-04-22,176.0,424.0,251.0,6799.0,214.0,False,False,False,False,7223.0,37.0,1.3754385964912297,0.852589641434263,7114.2,66.6910788637272,45.4,7108.0,122.04461843475609,10.2,3,102.0,True,-1.8241559491144435,Relief
2024-04-23,252.0,427.0,307.0,6967.0,134.0,False,False,False,False,7394.0,173.0,2.367437352900459,0.4364820846905538,7177.6,136.56243993136403,71.6,7120.0,144.0887072450577,18.8,4,188.0,True,-1.6859287401342335,Relief
2024-04-24,253.0,411.0,307.0,7128.0,154.0,False,False,False,False,7539.0,153.0,1.9610494995942584,0.501628664495114,7266.2,199.56126878732454,92.8,7149.6,193.94283235587432,42.6,5,426.0,True,-1.5216479726001781,Relief
2024-04-25,145.0,357.0,333.0,7209.0,217.0,False,False,False,False,7566.0,116.0,0.35813768404298063,0.6516516516516516,7369.4,193.12249998383422,116.4,7192.9,234.02015582707853,60.7,6,607.0,True,-1.3465201812133698,Relief
2024-04-26,,,,,,False,False,False,True,,,0.0,,7369.4,193.12249998383422,116.4,7192.9,234.02015582707853,60.7,0,607.0,True,-1.318643608603816,Relief
2024-04-27,,,,,,False,False,False,True,,,0.0,,7369.4,193.12249998383422,116.4,7192.9,234.02015582707853,60.7,0,607.0,True,-1.2914043575931746,Relief
2024-04-28,158.0,349.0,365.0,7298.0,250.0,True,False,True,False,7647.0,115.0,1.0705789056304482,0.684931506849315,7473.8,167.3460486536962,118.8,7270.1,244.594199077205,76.9,2,769.0,True,-1.1263151268975586,Relief
2024-04-29,140.0,292.0,255.0,7373.0,187.0,False,False,False,False,7665.0,68.0,0.23538642604943316,0.7333333333333333,7562.2,107.93840836330978,125.0,7338.2,250.8105969761906,85.2,3,852.0,True,-0.9881756675567112,Normal
2024-04-30,220.0,443.0,194.0,7431.0,135.0,False,False,False,False,7874.0,59.0,2.726679712981084,0.6958762886597938,7658.2,131.76759844515635,102.2,7417.9,283.1350090210171,86.9,4,869.0,True,-0.8433973320307641,Normal
2024-05-01,197.0,437.0,295.0,7508.0,190.0,False,False,False,False,7945.0,105.0,0.9017018034036095,0.6440677966101694,7739.4,161.65487929537844,92.6,7502.8,302.512368893128,92.7,5,927.0,True,-0.7213920747638961,Normal
2024-05-02,206.0,411.0,293.0,7577.0,194.0,False,False,False,False,7988.0,99.0,0.5412208936437901,0.6621160409556314,7823.8,158.6243991320463,89.2,7596.6,291.7438754950787,102.8,6,1028.0,True,-0.5975832231947381,Normal
2024-05-03,,,,,,False,False,False,True,,,0.0,,7823.8,158.6243991320463,89.2,7596.6,291.7438754950787,102.8,0,1028.0,True,-0.5876886871473788,Normal
2024-05-04,,,,,,False,False,False,True,,,0.0,,7823.8,158.6243991320463,89.2,7596.6,291.7438754950787,102.8,0,1028.0,True,-0.5776615279236427,Normal
2024-05-05,150.0,315.0,228.0,7447.0,332.0,False,False,False,False,7762.0,-104.0,-2.829243865798703,1.456140350877193,7846.8,132.81829693232243,45.4,7660.3,242.7628243551478,82.1,0,821.0,True,-0.5373229799061547,Normal
2024-05-06,173.0,337.0,211.0,7449.0,205.0,False,False,False,False,7786.0,6.0,0.30919866013914277,0.9715639810426541,7871.0,97.82637681117697,33.0,7716.6,189.52466857905273,79.0,2,790.0,True,-0.49566768389740445,Normal
2024-05-07,176.0,334.0,246.0,7566.0,163.0,False,False,False,False,7900.0,83.0,1.4641664526072518,0.6626016260162602,7876.2,98.71271447996124,37.8,7767.2,158.89815046822378,70.0,3,700.0,True,-0.4796790428487322,Normal
2024-05-08,167.0,374.0,205.0,7583.0,202.0,False,False,False,False,7957.0,3.0,0.7215189873417627,0.9853658536585366,7878.6,100.92472442371255,17.4,7809.0,146.70984212989302,55.0,4,550.0,True,-0.4670322868046176,Normal
2024-05-09,138.0,285.0,268.0,7570.0,244.0,False,False,False,False,7855.0,24.0,-1.2818901596078902,0.9104477611940298,7852.0,80.30255288596074,2.4,7837.9,119.45659369736921,45.8,5,458.0,True,-0.4927017997524176,Normal
2024-05-10,,,,,,False,False,False,True,,,0.0,,7852.0,80.30255288596074,2.4,7837.9,119.45659369736921,45.8,0,458.0,True,-0.48286756395253644,Normal
2024-05-11,,,,,,False,False,False,True,,,0.0,,7852.0,80.30255288596074,2.4,7837.9,119.45659369736921,45.8,0,458.0,True,-0.4725491795401777,Normal
2024-05-12,138.0,301.0,263.0,7464.0,245.0,False,False,False,False,7765.0,18.0,-1.145767027371103,0.9315589353612167,7852.6,79.46886182651998,26.8,7849.7,103.23010973333416,36.1,2,361.0,True,-0.4610704545159219,Normal
2024-05-13,112.0,331.0,167.0,7499.0,157.0,False,False,False,False,7830.0,10.0,0.8370895041854398,0.9401197604790419,7861.4,72.36919234040451,27.6,7866.2,81.28113078828927,30.3,3,303.0,True,-0.438355792764094,Normal
2024-05-14,246.0,419.0,218.0,7546.0,186.0,False,False,False,False,7965.0,32.0,1.724137931034475,0.8532110091743119,7874.4,85.65512243877981,17.4,7875.3,87.13469777049997,27.6,4,276.0,True,-0.4097830140473225,Normal
2024-05-15,115.0,285.0,341.0,7589.0,265.0,True,False,True,False,7874.0,76.0,-1.1424984306340202,0.7771260997067448,7857.8,72.70969673986058,32.0,7868.2,83.64714247626887,24.7,5,247.0,True,-0.4199702408445944,Normal
2024-05-16,206.0,340.0,214.0,7565.0,234.0,False,False,False,False,7905.0,-20.0,0.3937007874015741,1.0934579439252337,7867.8,75.60886191447679,23.2,7859.9,74.00067567259602,12.8,0,128.0,True,-0.39470337086614565,Normal
2024-05-17,,,,,,False,False,False,True,,,0.0,,7867.8,75.60886191447679,23.2,7859.9,74.00067567259602,12.8,0,128.0,True,-0.38285646333671736,Normal
2024-05-18,,,,,,False,False,False,True,,,0.0,,7867.8,75.60886191447679,23.2,7859.9,74.00067567259602,12.8,0,128.0,True,-0.3706190651079191,Normal
2024-05-19,143.0,295.0,278.0,7356.0,298.0,False,False,False,False,7651.0,-20.0,-3.2131562302340266,1.0719424460431655,7845.0,119.06090878202876,15.6,7848.8,95.51474580747923,21.2,0,212.0,True,-0.38821179837003517,Normal
2024-05-20,111.0,268.0,217.0,7368.0,192.0,False,False,False,False,7636.0,25.0,-0.19605280355509125,0.8847926267281107,7806.2,152.17654221332154,18.6,7833.8,116.04481892786357,23.1,2,231.0,True,-0.42680153760429934,Normal
2024-05-21,196.0,348.0,176.0,7404.0,145.0,False,False,False,False,7752.0,31.0,1.5191199580932402,0.8238636363636364,7763.6,123.7711598071341,18.4,7819.0,116.10148817115198,17.9,3,179.0,True,-0.4700017008152296,Normal
2024-05-22,168.0,349.0,272.0,7474.0,208.0,False,False,False,False,7823.0,64.0,0.9158926728586092,0.7647058823529411,7753.4,114.12405530826182,16.0,7805.6,105.66845424355725,24.0,4,240.0,True,-0.46893376477504983,Normal
2024-05-23,193.0,272.0,314.0,7494.0,227.0,True,False,True,False,7766.0,87.0,-0.7286207337338646,0.7229299363057324,7725.6,79.70131742953448,37.4,7796.7,104.78978957894937,30.3,5,303.0,True,-0.49191345951097476,Normal
2024-05-24,,,,,,False,False,False,True,,,0.0,,7725.6,79.70131742953448,37.4,7796.7,104.78978957894937,30.3,0,303.0,True,-0.47655983914438516,Normal
2024-05-25,,,,,,False,False,False,True,,,0.0,,7725.6,79.70131742953448,37.4,7796.7,104.78978957894937,30.3,0,303.0,True,-0.46123704116309194,Normal
2024-05-26,,,,,,False,False,False,True,,,0.0,,7744.25,78.42777994225666,51.75,7800.222222222223,110.51671567887371,31.666666666666668,0,285.0,True,-0.4197562055343409,Normal
2024-05-27,156.0,344.0,252.0,7365.0,167.0,False,False,False,False,7709.0,85.0,-0.7339685809940821,0.6626984126984127,7762.5,47.06378650304485,66.75,7786.777777777777,113.75387661282116,40.0,2,360.0,True,-0.37848272005064626,Normal
2024-05-28,153.0,348.0,239.0,7418.0,151.0,False,False,False,False,7766.0,88.0,0.7393955117395157,0.6317991631799164,7766.0,46.54030511292501,81.0,7764.666666666667,92.0516159553996,46.22222222222222,3,416.0,True,-0.3577346392932497,Normal
2024-05-29,182.0,462.0,158.0,7491.0,141.0,False,False,False,False,7953.0,17.0,2.4079320113314484,0.8924050632911392,7798.5,106.44716999527911,69.25,7773.444444444444,106.42498662334054,39.666666666666664,4,357.0,True,-0.2947206539827551,Normal
2024-05-30,167.0,406.0,339.0,7563.0,190.0,False,False,False,False,7969.0,149.0,0.20118194392053645,0.56047197640118,7849.25,131.28182153927483,84.75,7780.555555555556,117.84005167080623,58.44444444444444,5,526.0,True,-0.20427185864136205,Normal
2024-05-31,,,,,,False,False,False,True,,,0.0,,7849.25,131.28182153927483,84.75,7780.555555555556,117.84005167080623,58.44444444444444,0,526.0,True,-0.18759845236174086,Normal
2024-06-01,,,,,,False,False,False,True,,,0.0,,7849.25,131.28182153927483,84.75,7780.555555555556,117.84005167080623,58.44444444444444,0,526.0,True,-0.170151196757228,Normal
2024-06-02,159.0,330.0,322.0,7546.0,306.0,False,False,False,False,7876.0,16.0,-1.1670222110678918,0.9503105590062112,7854.6,114.32103918353116,71.0,7805.555555555556,110.56119471938818,62.44444444444444,2,562.0,True,-0.14327822514592928,Normal
2024-06-03,109.0,244.0,257.0,7596.0,224.0,True,False,True,False,7840.0,33.0,-0.45708481462671813,0.8715953307392996,7880.8,83.45477817358493,60.6,7828.222222222223,90.55630538204012,63.333333333333336,3,570.0,True,-0.0823944200979774,Normal
2024-06-04,260.0,356.0,176.0,7565.0,203.0,False,False,False,False,7921.0,-27.0,1.033163265306114,1.1534090909090908,7911.8,53.597574572008774,37.6,7847.0,90.29673305275782,56.888888888888886,0,512.0,True,-0.0111360068127182,Normal
2024-06-05,173.0,345.0,291.0,7691.0,198.0,False,False,False,False,8036.0,93.0,1.4518368892816547,0.6804123711340206,7928.4,77.20297921713843,52.8,7870.666666666667,109.16272257506765,60.111111111111114,2,541.0,True,0.0401031099772514,Normal
2024-06-06,179.0,326.0,282.0,7741.0,238.0,False,False,False,False,8067.0,44.0,0.3857640617222602,0.8439716312056738,7948.0,99.35039003447231,31.8,7904.111111111111,118.77336027541084,55.333333333333336,3,498.0,True,0.09900902773955246,Normal
2024-06-07,,,,,,False,False,False,True,,,0.0,,7948.0,99.35039003447231,31.8,7904.111111111111,118.77336027541084,55.333333333333336,0,498.0,True,0.12715938040051117,Normal
2024-06-08,,,,,,False,False,False,True,,,0.0,,7948.0,99.35039003447231,31.8,7904.111111111111,118.77336027541084,55.333333333333336,0,498.0,True,0.15749463047486373,Normal
2024-06-09,116.0,289.0,166.0,7451.0,312.0,False,False,False,False,7740.0,-146.0,-4.0535515061361105,1.8795180722891567,7920.8,135.88855728133248,-0.6,7887.7,123.42163505642421,35.2,0,352.0,True,0.13917971924200176,Normal
2024-06-10,184.0,334.0,229.0,7439.0,212.0,False,False,False,False,7773.0,17.0,0.426356589147292,0.925764192139738,7907.4,148.5607619797438,-3.8,7894.1,114.45955132224697,28.4,2,284.0,True,0.146281375409295,Normal
2024-06-11,186.0,352.0,224.0,7493.0,156.0,False,False,False,False,7845.0,68.0,0.9262832883056626,0.6964285714285714,7892.2,150.69406093141893,15.2,7902.0,107.12713112103525,26.4,3,264.0,True,0.15004645975505465,Normal
2024-06-12,152.0,266.0,274.0,7548.0,212.0,True,False,True,False,7814.0,62.0,-0.39515615041427754,0.7737226277372263,7847.8,128.8553452519627,9.0,7888.1,108.77954260287197,30.9,4,309.0,True,0.09145184346452359,Normal
2024-06-13,167.0,293.0,230.0,7544.0,259.0,False,False,False,False,7837.0,-29.0,0.2943434860506855,1.126086956521739,7801.8,44.44884700420067,-5.6,7874.9,105.84102334266841,13.1,0,131.0,True,0.025527196334975275,Normal
2024-06-14,,,,,,False,False,False,True,,,0.0,,7801.8,44.44884700420067,-5.6,7874.9,105.84102334266841,13.1,0,131.0,True,0.06039319163489969,Normal
2024-06-15,,,,,,False,False,False,True,,,0.0,,7801.8,44.44884700420067,-5.6,7874.9,105.84102334266841,13.1,0,131.0,True,0.09623273849048314,Normal
2024-06-16,204.0,315.0,233.0,7307.0,294.0,False,False,False,False,7622.0,-61.0,-2.7433967079239507,1.261802575107296,7778.2,91.68805811011046,11.4,7849.5,132.634208759785,5.4,0,54.0,True,0.07234915324471808,Normal
2024-06-17,159.0,310.0,272.0,7318.0,224.0,False,False,False,False,7628.0,48.0,0.07871949619522312,0.8235294117647058,7749.2,113.96797795873712,17.6,7828.3,150.11258737657437,6.9,2,69.0,True,0.028964472922115955,Normal
2024-06-18,160.0,297.0,253.0,7340.0,214.0,False,False,False,False,7637.0,39.0,0.11798636601991763,0.8458498023715415,7707.6,108.06618342480448,11.8,7799.9,157.31811367064353,13.5,3,135.0,True,-0.05581353067241772,Normal
2024-06-19,204.0,321.0,246.0,7433.0,198.0,False,False,False,False,7754.0,48.0,1.5320151892104228,0.8048780487804879,7695.6,95.94946586617132,9.0,7771.7,133.81251394727394,9.0,4,90.0,True,-0.06391300949199977,Normal
2024-06-20,145.0,247.0,243.0,7431.0,235.0,False,False,False,False,7678.0,8.0,-0.9801392829507316,0.9670781893004116,7663.8,54.96544368968393,16.4,7732.8,86.66512819147489,5.4,5,54.0,True,-0.1305528095726995,Normal
2024-06-21,,,,,,False,False,False,True,,,0.0,,7663.8,54.96544368968393,16.4,7732.8,86.66512819147489,5.4,0,54.0,True,-0.1043386561225058,Normal
2024-06-22,,,,,,False,False,False,True,,,0.0,,7663.8,54.96544368968393,16.4,7732.8,86.66512819147489,5.4,0,54.0,True,-0.07877572149381255,Normal
2024-06-23,102.0,227.0,201.0,7247.0,294.0,False,False,False,False,7474.0,-93.0,-2.6569419119562343,1.462686567164179,7634.2,102.44608338049832,10.0,7706.2,118.9993464034348,10.7,0,107.0,True,-0.15090070391976412,Normal
2024-06-24,116.0,175.0,172.0,7239.0,202.0,False,False,False,False,7414.0,-30.0,-0.8027829810008047,1.1744186046511629,7591.4,142.54052055469822,-5.6,7670.3,147.37635118596526,6.0,0,60.0,True,-0.2724430023954607,Normal
2024-06-25,172.0,263.0,191.0,7239.0,202.0,False,False,False,False,7502.0,-11.0,1.1869436201780381,1.057591623036649,7564.4,144.515743087058,-15.6,7636.0,142.0164309742595,-1.9,0,-19.0,False,-0.3455612601796966,Normal
2024-06-26,132.0,235.0,197.0,7268.0,187.0,False,False,False,False,7503.0,10.0,0.013329778725679198,0.949238578680203,7514.2,98.43881348332546,-23.2,7604.9,132.4348477134651,-7.1,2,-71.0,False,-0.5023481569114034,Normal
2024-06-27,174.0,208.0,256.0,7248.0,268.0,True,False,True,False,7456.0,-12.0,-0.6264161002265789,1.046875,7469.8,36.948612964565314,-27.2,7566.8,111.3730468091592,-5.4,0,-54.0,False,-0.6412873364333891,Normal
2024-06-28,,,,,,False,False,False,True,,,0.0,,7469.8,36.948612964565314,-27.2,7566.8,111.3730468091592,-5.4,0,-54.0,False,-0.6243436026085943,Normal
2024-06-29,,,,,,False,False,False,True,,,0.0,,7469.8,36.948612964565314,-27.2,7566.8,111.3730468091592,-5.4,0,-54.0,False,-0.6074616241824248,Normal
2024-06-30,123.0,230.0,167.0,6874.0,273.0,False,False,False,False,7104.0,-106.0,-4.72103004291845,1.6347305389221556,7395.8,167.2369576379748,-29.8,7515.0,181.33455881938667,-9.9,0,-99.0,False,-0.8583127093207954,Normal
2024-07-01,123.0,233.0,159.0,6825.0,229.0,False,False,False,False,7058.0,-70.0,-0.6475225225225256,1.440251572327044,7324.6,223.77622751312597,-37.8,7458.0,225.96214038835808,-21.7,0,-217.0,False,-1.0946692904149216,Relief
2024-07-02,141.0,232.0,188.0,6823.0,184.0,False,False,False,False,7055.0,4.0,-0.042504958911870894,0.9787234042553191,7235.2,224.47427469535782,-34.8,7399.8,248.55708041055917,-25.2,2,-252.0,False,-1.3877606356835075,Relief
2024-07-03,,,,,,False,False,False,True,,,0.0,,7168.25,193.13962997447354,-46.0,7360.444444444444,228.20720360623244,-33.333333333333336,0,-300.0,False,-1.5909205196298415,Relief
2024-07-04,158.0,226.0,191.0,6790.0,225.0,False,False,False,False,7016.0,-34.0,-0.5527994330262187,1.1780104712041886,7058.25,36.00347205494199,-51.5,7286.888888888889,219.58338077165465,-38.0,0,-342.0,False,-1.9210160616201106,Relief
2024-07-05,,,,,,False,False,False,True,,,0.0,,7058.25,36.00347205494199,-51.5,7286.888888888889,219.58338077165465,-38.0,0,-342.0,False,-1.865053544315575,Relief
2024-07-06,,,,,,False,False,False,True,,,0.0,,7058.25,36.00347205494199,-51.5,7286.888888888889,219.58338077165465,-38.0,0,-342.0,False,-1.8158338556841223,Relief
2024-07-07,96.0,160.0,233.0,6599.0,213.0,True,False,True,False,6759.0,20.0,-3.6630558722919093,0.9141630901287554,6972.0,143.2829368766979,-20.0,7207.444444444444,267.5322929625054,-25.444444444444443,2,-229.0,False,-2.0412243719285126,Relief
2024-07-08,141.0,173.0,129.0,6617.0,123.0,False,False,False,False,6790.0,6.0,0.458647728953987,0.9534883720930233,6905.0,152.05481467773103,-1.0,7138.111111111111,287.4280103105974,-21.444444444444443,3,-193.0,False,-2.188576835261914,Relief
2024-07-09,116.0,181.0,182.0,6651.0,130.0,True,False,True,False,6832.0,52.0,0.6185567010309256,0.7142857142857143,6849.25,115.12131282555657,11.0,7063.666666666667,267.47196114732753,-14.444444444444445,4,-130.0,False,-2.2905063284227385,Relief
2024-07-10,150.0,157.0,201.0,6649.0,177.0,True,False,True,False,6806.0,24.0,-0.38056206088993294,0.8805970149253731,6840.6,101.55688061382058,13.6,6986.222222222223,221.2830640705286,-12.88888888888889,5,-116.0,False,-2.253738446340779,Relief
2024-07-11,80.0,176.0,125.0,6640.0,197.0,False,False,False,False,6816.0,-72.0,0.1469291801351691,1.576,6800.6,27.81726082866727,6.0,6915.111111111111,138.97072033744408,-19.555555555555557,0,-176.0,False,-2.304943817127572,Relief
2024-07-12,,,,,,False,False,False,True,,,0.0,,6800.6,27.81726082866727,6.0,6915.111111111111,138.97072033744408,-19.555555555555557,0,-176.0,False,-2.239496272714381,Relief
2024-07-13,,,,,,False,False,False,True,,,0.0,,6800.6,27.81726082866727,6.0,6915.111111111111,138.97072033744408,-19.555555555555557,0,-176.0,False,-2.185841620936434,Relief
2024-07-14,116.0,188.0,164.0,6308.0,237.0,False,False,False,False,6496.0,-73.0,-4.694835680751175,1.4451219512195121,6748.0,141.69685952769197,-12.6,6847.555555555556,177.97620003184278,-15.88888888888889,0,-143.0,False,-2.27769733729317,Relief
2024-07-15,105.0,185.0,158.0,6283.0,171.0,False,False,False,False,6468.0,-13.0,-0.4310344827586188,1.0822784810126582,6683.6,184.53400770592654,-16.4,6782.0,198.27443102930968,-9.555555555555555,0,-86.0,False,-2.3915021356616086,Relief
2024-07-16,136.0,246.0,123.0,6239.0,173.0,False,False,False,False,6485.0,-50.0,0.26283240568953925,1.4065040650406504,6614.2,179.9644409321226,-36.8,6718.666666666667,191.07655533841992,-15.555555555555555,0,-140.0,False,-2.504429048482871,Relief
2024-07-17,128.0,228.0,177.0,6228.0,187.0,False,False,False,False,6456.0,-10.0,-0.44718581341557373,1.0564971751412429,6544.2,152.71607642947066,-43.6,6692.4,198.37573776379492,-15.0,0,-150.0,False,-2.6021693866190145,Relief
2024-07-18,,,,,,False,False,False,True,,,0.0,,6476.25,17.74589154376832,-36.5,6656.444444444444,172.4181770515332,-12.88888888888889,0,-116.0,False,-2.6766452824503855,Relief
2024-07-19,,,,,,False,False,False,True,,,0.0,,6476.25,17.74589154376832,-36.5,6656.444444444444,172.4181770515332,-12.88888888888889,0,-116.0,False,-2.5844887057367623,Relief
2024-07-20,,,,,,False,False,False,True,,,0.0,,6476.25,17.74589154376832,-36.5,6656.444444444444,172.4181770515332,-12.88888888888889,0,-116.0,False,-2.4948496808328695,Relief
2024-07-21,90.0,196.0,205.0,6058.0,262.0,True,False,True,False,6254.0,-57.0,-3.1288723667905805,1.278048780487805,6415.75,108.48771051759937,-32.5,6600.333333333333,212.4064499962182,-21.444444444444443,0,-193.0,False,-2.5359997278941555,Relief
2024-07-22,102.0,189.0,155.0,6002.0,234.0,False,False,False,False,6191.0,-79.0,-1.0073552926127327,1.5096774193548388,6346.5,145.95547266210266,-49.0,6533.777777777777,237.86696795570455,-30.88888888888889,0,-278.0,False,-2.579456022024729,Relief
2024-07-23,120.0,257.0,126.0,5965.0,170.0,False,False,False,False,6222.0,-44.0,0.500726861573253,1.3492063492063493,6280.75,119.6310299769746,-47.5,6466.0,229.01146259520613,-41.55555555555556,0,-374.0,False,-2.5991391496052145,Relief
2024-07-24,137.0,272.0,166.0,5927.0,177.0,False,False,False,False,6199.0,-11.0,-0.3696560591449738,1.0662650602409638,6216.5,28.242993231698556,-47.75,6398.555555555556,204.42609368124465,-45.44444444444444,0,-409.0,False,-2.603242964411843,Relief
2024-07-25,93.0,198.0,208.0,5954.0,194.0,True,False,True,False,6152.0,14.0,-0.7581868043232798,0.9326923076923077,6203.6,37.81930723868993,-35.4,6324.777777777777,146.56975965198077,-35.888888888888886,2,-323.0,False,-2.509186624976557,Relief
2024-07-26,,,,,,False,False,False,True,,,0.0,,6203.6,37.81930723868993,-35.4,6324.777777777777,146.56975965198077,-35.888888888888886,0,-323.0,False,-2.401571989082418,Relief
2024-07-27,,,,,,False,False,False,True,,,0.0,,6203.6,37.81930723868993,-35.4,6324.777777777777,146.56975965198077,-35.888888888888886,0,-323.0,False,-2.302114445225566,Relief
2024-07-28,152.0,290.0,199.0,5743.0,207.0,False,False,False,False,6033.0,-8.0,-1.934330299089726,1.0402010050251256,6159.4,75.02866119033955,-25.6,6273.333333333333,159.63239019696098,-28.666666666666668,0,-258.0,False,-2.2845374059380568,Relief
2024-07-29,114.0,210.0,219.0,5819.0,163.0,True,False,True,False,6029.0,56.0,-0.06630200563566557,0.7442922374429224,6127.0,91.20581121844701,1.4,6224.555555555556,159.78509873505857,-21.0,2,-189.0,False,-2.246797866975047,Relief
2024-07-30,125.0,203.0,208.0,5930.0,92.0,True,False,True,False,6133.0,116.0,1.724995853375355,0.4423076923076923,6109.2,75.33392330162503,33.4,6185.444444444444,127.98155249008455,-2.5555555555555554,3,-23.0,False,-2.1881555118442186,Relief
2024-07-31,140.0,261.0,163.0,5963.0,154.0,False,False,False,False,6224.0,9.0,1.4837762921897868,0.9447852760736196,6114.2,83.20276437724344,37.4,6159.666666666667,81.65476103690699,-0.4444444444444444,4,-4.0,False,-2.0991837019987507,Relief
2024-08-01,227.0,298.0,212.0,6016.0,169.0,False,False,False,False,6314.0,43.0,1.4460154241645151,0.7971698113207547,6146.6,123.42325550727804,43.2,6175.1,91.15121745999612,3.9,5,39.0,True,-1.9755218952212266,Relief
2024-08-02,,,,,,False,False,False,True,,,0.0,,6146.6,123.42325550727804,43.2,6175.1,91.15121745999612,3.9,0,39.0,True,-1.9105728086192357,Relief
2024-08-03,,,,,,False,False,False,True,,,0.0,,6146.6,123.42325550727804,43.2,6175.1,91.15121745999612,3.9,0,39.0,True,-1.850262109917038,Relief
2024-08-04,63.0,167.0,143.0,5943.0,170.0,False,False,False,False,6110.0,-27.0,-3.230915426037373,1.1888111888111887,6162.0,109.75199314825548,39.4,6160.7,88.64166314120838,6.9,0,69.0,True,-1.77137212097377,Relief
2024-08-05,172.0,259.0,138.0,5950.0,150.0,False,False,False,False,6209.0,-12.0,1.6202945990180018,1.0869565217391304,6198.0,80.9660422647326,25.8,6162.5,89.50387949379325,13.6,0,136.0,True,-1.6673342365836727,Relief
2024-08-06,163.0,283.0,200.0,5998.0,143.0,False,False,False,False,6281.0,57.0,1.1596070220647459,0.715,6227.6,78.27068416728099,14.0,6168.4,95.59893072388725,23.7,2,237.0,True,-1.5786102551727017,Relief
2024-08-07,135.0,273.0,207.0,6038.0,174.0,False,False,False,False,6311.0,33.0,0.4776309504855858,0.8405797101449275,6245.0,86.50722513185895,18.8,6179.6,105.61796985149181,28.1,3,281.0,True,-1.511966705813289,Relief
2024-08-08,119.0,230.0,213.0,6084.0,174.0,False,False,False,False,6314.0,39.0,0.04753604816987167,0.8169014084507042,6245.0,86.50722513185895,18.0,6195.8,113.07499969290599,30.6,4,306.0,True,-1.4735321174729128,Relief
2024-08-09,,,,,,False,False,False,True,,,0.0,,6245.0,86.50722513185895,18.0,6195.8,113.07499969290599,30.6,0,306.0,True,-1.4367937268471875,Relief
2024-08-10,,,,,,False,False,False,True,,,0.0,,6245.0,86.50722513185895,18.0,6195.8,113.07499969290599,30.6,0,306.0,True,-1.4016135114063573,Relief
2024-08-11,95.0,211.0,140.0,5894.0,249.0,False,False,False,False,6105.0,-109.0,-3.3101045296167197,1.7785714285714285,6244.0,88.46468221846577,1.6,6203.0,103.4386560022447,20.5,0,205.0,True,-1.3693297290223838,Relief
2024-08-12,109.0,219.0,155.0,5903.0,148.0,False,False,False,False,6122.0,7.0,0.27846027846027965,0.9548387096774194,6226.6,104.22235844584534,5.4,6212.3,89.2662061227582,15.6,2,156.0,True,-1.3615031418195385,Relief
2024-08-13,162.0,239.0,189.0,5981.0,123.0,False,False,False,False,6220.0,66.0,1.6007840574975507,0.6507936507936508,6214.4,99.73615192102791,7.2,6221.0,84.80697036339319,10.6,3,106.0,True,-1.3465395922266654,Relief
2024-08-14,109.0,226.0,191.0,5987.0,178.0,False,False,False,False,6213.0,13.0,-0.11254019292604722,0.9319371727748691,6194.8,84.46715337937295,3.2,6219.9,84.83506874450042,11.0,4,110.0,True,-1.3425423297502952,Relief
2024-08-15,124.0,241.0,156.0,5895.0,220.0,False,False,False,False,6136.0,-64.0,-1.2393368742958266,1.4102564102564104,6159.2,53.50420544232733,-17.4,6202.1,81.50589617387345,0.3,0,3.0,True,-1.3609588190511062,Relief
2024-08-16,,,,,,False,False,False,True,,,0.0,,6159.2,53.50420544232733,-17.4,6202.1,81.50589617387345,0.3,0,3.0,True,-1.329294985029984,Relief
2024-08-17,,,,,,False,False,False,True,,,0.0,,6159.2,53.50420544232733,-17.4,6202.1,81.50589617387345,0.3,0,3.0,True,-1.2986446802028808,Relief
2024-08-18,86.0,244.0,235.0,5821.0,178.0,False,False,False,False,6065.0,57.0,-1.1571056062581464,0.7574468085106383,6151.2,65.31998162901475,15.8,6197.6,88.12894593211821,8.7,2,87.0,True,-1.279896818462389,Relief
2024-08-19,176.0,254.0,162.0,5865.0,158.0,False,False,False,False,6119.0,4.0,0.8903544929925733,0.9753086419753086,6150.6,65.66810489130042,15.2,6188.6,91.37128165406328,10.3,3,103.0,True,-1.2513729403935443,Relief
2024-08-20,136.0,274.0,245.0,5995.0,112.0,False,False,False,False,6269.0,133.0,2.45138094459878,0.45714285714285713,6160.4,80.57791260646277,28.6,6187.4,90.09279167117735,17.9,4,179.0,True,-1.2094447477041925,Relief
2024-08-21,134.0,245.0,167.0,6028.0,156.0,False,False,False,False,6273.0,11.0,0.06380602966979954,0.9341317365269461,6172.4,93.75926620881086,28.2,6183.6,84.95515156700509,15.7,5,157.0,True,-1.1656986590334304,Relief
2024-08-22,182.0,307.0,205.0,6054.0,171.0,False,False,False,False,6361.0,34.0,1.4028375577873398,0.8341463414634146,6217.4,121.74070806437062,47.8,6188.3,93.80955885904378,15.2,6,152.0,True,-1.0777969997754537,Relief
2024-08-23,,,,,,False,False,False,True,,,0.0,,6217.4,121.74070806437062,47.8,6188.3,93.80955885904378,15.2,0,152.0,True,-1.0541057299384513,Relief
2024-08-24,,,,,,False,False,False,True,,,0.0,,6217.4,121.74070806437062,47.8,6188.3,93.80955885904378,15.2,0,152.0,True,-1.031046733586168,Relief
2024-08-25,,,,,,False,False,False,True,,,0.0,,6255.5,100.41746196098245,45.5,6197.555555555556,94.53320991996571,29.0,0,261.0,True,-0.9558130021436818,Normal
2024-08-26,,,,,,False,False,False,True,,,0.0,,6301.0,52.000000000263405,59.333333333333336,6207.0,96.41428465589584,31.75,0,254.0,True,-0.8715060379801333,Normal
2024-08-27,149.0,285.0,222.0,6152.0,97.0,False,False,False,False,6437.0,125.0,1.1947806948592987,0.4369369369369369,6357.0,82.07313811489485,56.666666666666664,6234.125,126.44302782561138,39.125,2,313.0,True,-0.7734657105692878,Normal
2024-08-28,170.0,285.0,178.0,6227.0,134.0,False,False,False,False,6512.0,44.0,1.1651390399254336,0.7528089887640449,6436.666666666667,75.50055187453134,67.66666666666667,6271.5,159.24285137575268,43.0,3,344.0,True,-0.6423885871931999,Normal
2024-08-29,145.0,295.0,188.0,6250.0,169.0,False,False,False,False,6545.0,19.0,0.5067567567567544,0.898936170212766,6498.0,55.34437640830894,62.666666666666664,6322.625,174.4541998839169,53.375,4,427.0,True,-0.5373960673758184,Normal
2024-08-30,,,,,,False,False,False,True,,,0.0,,6498.0,55.34437640830894,62.666666666666664,6322.625,174.4541998839169,53.375,0,427.0,True,-0.5208279915418629,Normal
2024-08-31,,,,,,False,False,False,True,,,0.0,,6498.0,55.34437640830894,62.666666666666664,6322.625,174.4541998839169,53.375,0,427.0,True,-0.5042041376556485,Normal
2024-09-01,,,,,,False,False,False,True,,,0.0,,6498.0,55.34437640830894,62.666666666666664,6359.428571428572,151.21051235814699,52.857142857142854,0,370.0,True,-0.48742335046100993,Normal
2024-09-02,133.0,270.0,198.0,6192.0,129.0,False,False,False,False,6462.0,69.0,-1.268143621084794,0.6515151515151515,6489.0,48.64154602823057,64.25,6408.428571428572,110.37490225415307,62.142857142857146,2,435.0,True,-0.48400130213764997,Normal
2024-09-03,131.0,263.0,177.0,6272.0,112.0,False,False,False,False,6535.0,65.0,1.1296812132466805,0.632768361581921,6513.5,37.00900791270815,49.25,6446.428571428572,99.63911069930106,52.42857142857143,3,367.0,True,-0.4293581392255731,Normal
2024-09-04,121.0,231.0,219.0,6375.0,114.0,False,False,False,False,6606.0,105.0,1.0864575363427775,0.5205479452054794,6537.0,59.03106526806605,64.5,6494.0,80.73826024049772,65.85714285714286,4,461.0,True,-0.37521083946452366,Normal
2024-09-05,126.0,230.0,175.0,6448.0,121.0,False,False,False,False,6678.0,54.0,1.089918256130784,0.6914285714285714,6570.25,92.8237577348368,73.25,6539.285714285715,82.58675092632934,68.71428571428571,5,481.0,True,-0.3043401590791765,Normal
2024-09-06,,,,,,False,False,False,True,,,0.0,,6570.25,92.8237577348368,73.25,6539.285714285715,82.58675092632934,68.71428571428571,0,481.0,True,-0.2855641979367708,Normal
2024-09-07,,,,,,False,False,False,True,,,0.0,,6570.25,92.8237577348368,73.25,6539.285714285715,82.58675092632934,68.71428571428571,0,481.0,True,-0.26651326339734077,Normal
2024-09-08,123.0,255.0,164.0,6312.0,221.0,False,False,False,False,6567.0,-57.0,-1.6621743036837389,1.3475609756097562,6569.6,80.40087064212527,47.2,6542.75,77.08575929256324,53.0,0,424.0,True,-0.2481358704710767,Normal
2024-09-09,144.0,275.0,190.0,6353.0,141.0,False,False,False,False,6628.0,49.0,0.928886858535094,0.7421052631578947,6602.8,55.178800277022276,43.2,6552.222222222223,77.5044801572247,52.55555555555556,2,473.0,True,-0.1704597631050461,Normal
2024-09-10,131.0,251.0,180.0,6396.0,148.0,False,False,False,False,6647.0,32.0,0.28666264333132574,0.8222222222222222,6625.2,41.91300514173796,36.6,6575.555555555556,69.69776020630178,42.22222222222222,3,380.0,True,-0.10971252887188761,Normal
2024-09-11,93.0,248.0,175.0,6410.0,162.0,False,False,False,False,6658.0,13.0,0.16548819016097838,0.9257142857142857,6635.6,42.40636744654366,18.2,6591.777777777777,70.04601662080385,38.77777777777778,4,349.0,True,-0.06923693686211596,Normal
2024-09-12,184.0,280.0,210.0,6360.0,220.0,False,False,False,False,6640.0,-10.0,-0.270351456893958,1.0476190476190477,6628.0,35.798044639495835,5.4,6602.333333333333,69.26940161425938,35.55555555555556,0,320.0,True,-0.060711598031373146,Normal
2024-09-13,81.0,200.0,212.0,6326.0,279.0,True,False,True,False,6526.0,-67.0,-1.7168674698795128,1.3160377358490567,6611.0,52.52808772465597,-6.666666666666667,6594.7,69.62606472354065,25.3,0,253.0,True,-0.06971072105373113,Normal
2024-09-14,,,,,,False,False,False,True,,,0.0,,6611.0,52.52808772465597,-6.666666666666667,6594.7,69.62606472354065,25.3,0,253.0,True,-0.04577839317606996,Normal
2024-09-15,98.0,220.0,167.0,6234.0,210.0,False,False,False,False,6454.0,-43.0,-1.1032791909285966,1.2574850299401197,6592.166666666667,82.9226547252069,-4.333333333333333,6581.909090909091,78.50280828791311,19.09090909090909,0,210.0,True,-0.05943127405321112,Normal
2024-09-16,113.0,209.0,160.0,6229.0,164.0,False,False,False,False,6438.0,-4.0,-0.24790827393864623,1.025,6560.5,100.84393883625,-13.166666666666666,6579.727272727273,82.40520724939718,12.454545454545455,0,137.0,True,-0.1012907327500114,Normal
2024-09-17,159.0,304.0,139.0,6227.0,160.0,False,False,False,False,6531.0,-21.0,1.4445479962721386,1.1510791366906474,6541.166666666667,91.64369409117079,-22.0,6579.363636363636,82.63083289821336,4.636363636363637,0,51.0,True,-0.11870651947496794,Normal
2024-09-18,116.0,213.0,217.0,6245.0,149.0,True,False,True,False,6458.0,68.0,-1.1177461338233052,0.6866359447004609,6507.833333333333,75.6212051390103,-12.833333333333334,6565.909090909091,89.61412226367416,1.2727272727272727,2,14.0,True,-0.16878435477917492,Normal
2024-09-19,93.0,196.0,169.0,6270.0,188.0,False,False,False,False,6466.0,-19.0,0.12387736141219463,1.1124260355029585,6478.833333333333,39.569769606057314,-14.333333333333334,6546.636363636364,85.8129043061256,-5.363636363636363,0,-59.0,False,-0.21175208844915885,Normal
2024-09-20,,,,,,False,False,False,True,,,0.0,,6469.4,35.91378565415113,-3.8,6546.636363636364,85.8129043061256,-5.363636363636363,0,-59.0,False,-0.2107115737958151,Normal
2024-09-21,,,,,,False,False,False,True,,,0.0,,6469.4,35.91378565415113,-3.8,6546.636363636364,85.8129043061256,-5.363636363636363,0,-59.0,False,-0.18666515820599183,Normal
2024-09-22,124.0,234.0,161.0,5989.0,197.0,False,False,False,False,6223.0,-36.0,-3.7581193937519353,1.2236024844720497,6423.2,117.2207319547725,-2.4,6515.363636363636,129.30836997446113,-3.4545454545454546,0,-38.0,False,-0.2819968602601076,Normal
2024-09-23,92.0,203.0,173.0,6002.0,165.0,False,False,False,False,6205.0,8.0,-0.28924955809095376,0.953757225433526,6376.6,151.24252047626345,0.0,6476.909090909091,153.15969087553134,-7.181818181818182,2,-79.0,False,-0.38630147020711664,Normal
2024-09-24,186.0,259.0,172.0,6023.0,143.0,False,False,False,False,6282.0,29.0,1.2409347300563978,0.8313953488372093,6326.8,126.69530378042171,10.0,6443.727272727273,152.15984418306772,-7.454545454545454,3,-82.0,False,-0.508465855712199,Normal
2024-09-25,154.0,225.0,220.0,6050.0,169.0,False,False,False,False,6275.0,51.0,-0.11142948105699046,0.7681818181818182,6290.2,103.6566447460731,6.6,6408.909090909091,141.68518239070752,-4.0,4,-44.0,False,-0.6016374342810964,Normal
2024-09-26,91.0,199.0,172.0,6090.0,185.0,False,False,False,False,6289.0,-13.0,0.223107569721126,1.0755813953488371,6254.8,38.1077419957394,7.8,6377.0,122.68740766678965,-4.2727272727272725,0,-47.0,False,-0.7006837906945641,Normal
2024-09-27,,,,,,False,False,False,True,,,0.0,,6254.8,38.1077419957394,7.8,6362.1,118.36896177253455,2.0,0,20.0,True,-0.6961346697040929,Normal
2024-09-28,,,,,,False,False,False,True,,,0.0,,6254.8,38.1077419957394,7.8,6362.1,118.36896177253455,2.0,0,20.0,True,-0.6910703928062693,Normal
2024-09-29,81.0,213.0,153.0,5925.0,177.0,False,False,False,False,6138.0,-24.0,-2.401017649864845,1.1568627450980393,6237.8,65.18205274470853,10.2,6330.5,132.45145861365717,3.9,0,39.0,True,-0.7474581989656923,Normal
2024-09-30,209.0,285.0,184.0,5967.0,138.0,False,False,False,False,6252.0,46.0,1.8572825024437911,0.75,6247.2,62.60750753714682,17.8,6311.9,128.68432521310396,8.9,2,89.0,True,-0.7058515642022888,Normal
2024-10-01,184.0,314.0,217.0,6040.0,137.0,False,False,False,False,6354.0,80.0,1.6314779270633295,0.631336405529954,6261.6,78.79911167020718,28.0,6294.2,105.23603100753316,19.0,3,190.0,True,-0.6400097135142624,Normal
2024-10-02,107.0,215.0,230.0,6091.0,173.0,True,False,True,False,6306.0,57.0,-0.7554296506137814,0.7521739130434782,6267.8,81.29698641409617,29.2,6279.0,88.61276557143681,17.9,4,179.0,True,-0.6014379934156603,Normal
2024-10-03,101.0,162.0,178.0,6118.0,193.0,True,False,True,False,6280.0,-15.0,-0.4123057405645447,1.0842696629213484,6266.0,80.80841540343278,28.8,6260.4,59.85389618800939,18.3,0,183.0,True,-0.5969302783600268,Normal
2024-10-04,,,,,,False,False,False,True,,,0.0,,6266.0,80.80841540343278,28.8,6260.4,59.85389618800939,18.3,0,183.0,True,-0.5858900021969197,Normal
2024-10-05,,,,,,False,False,False,True,,,0.0,,6266.0,80.80841540343278,28.8,6260.4,59.85389618800939,18.3,0,183.0,True,-0.5726434290409234,Normal
2024-10-06,,,,,,False,False,False,True,,,0.0,,6298.0,43.35896677756557,42.0,6264.555555555556,61.93567451617388,24.333333333333332,0,219.0,True,-0.39867711522297583,Normal
2024-10-07,99.0,190.0,176.0,5968.0,153.0,False,False,False,False,6158.0,23.0,-1.942675159235674,0.8693181818181818,6274.5,83.49650691307353,36.25,6259.333333333333,69.14658342966506,26.0,2,234.0,True,-0.5008051010428325,Normal
2024-10-08,167.0,239.0,166.0,6013.0,123.0,False,False,False,False,6252.0,43.0,1.5264696329977179,0.7409638554216867,6249.0,64.54972243693366,27.0,6256.0,68.63854602186451,27.555555555555557,3,248.0,True,-0.6196212203242253,Normal
2024-10-09,115.0,216.0,169.0,6047.0,137.0,False,False,False,False,6263.0,32.0,0.175943698016634,0.8106508875739645,6238.25,54.72583180441644,20.75,6254.666666666667,68.33922738805002,25.444444444444443,4,229.0,True,-0.6634429569820659,Normal
2024-10-10,84.0,158.0,193.0,6075.0,159.0,True,False,True,False,6233.0,34.0,-0.4790036723614888,0.8238341968911918,6226.5,47.31807265748182,33.0,6248.444444444444,67.36488534669489,30.666666666666668,5,276.0,True,-0.716252297862908,Normal
2024-10-11,,,,,,False,False,False,True,,,0.0,,6226.5,47.31807265748182,33.0,6248.444444444444,67.36488534669489,30.666666666666668,0,276.0,True,-0.7048433222628376,Normal
2024-10-12,,,,,,False,False,False,True,,,0.0,,6226.5,47.31807265748182,33.0,6248.444444444444,67.36488534669489,30.666666666666668,0,276.0,True,-0.6915036740758304,Normal
2024-10-13,130.0,227.0,192.0,5889.0,210.0,False,False,False,False,6116.0,-18.0,-1.8771057275790204,1.09375,6204.4,64.19735197042178,22.8,6246.0,72.10582500738438,31.333333333333332,0,282.0,True,-0.8122918798983129,Normal
2024-10-14,88.0,214.0,160.0,5935.0,106.0,False,False,False,False,6149.0,54.0,0.5395683453237377,0.6625,6202.6,65.9264741967461,29.0,6234.555555555556,78.8893388093298,32.22222222222222,2,290.0,True,-0.806240581109794,Normal
2024-10-15,113.0,208.0,159.0,6013.0,107.0,False,False,False,False,6221.0,52.0,1.170922101154659,0.6729559748427673,6196.4,61.42312268205088,30.8,6219.777777777777,64.94185433477999,29.11111111111111,3,262.0,True,-0.8267291979185102,Normal
2024-10-16,174.0,285.0,150.0,6036.0,129.0,False,False,False,False,6321.0,21.0,1.6074586079408482,0.86,6208.0,79.85612061710863,28.6,6221.444444444444,67.57053927395522,25.11111111111111,4,226.0,True,-0.7349831109838136,Normal
2024-10-17,104.0,230.0,206.0,6076.0,160.0,False,False,False,False,6306.0,46.0,-0.23730422401518902,0.7766990291262136,6222.6,91.40733012190044,31.0,6224.333333333333,70.86254299695551,31.88888888888889,5,287.0,True,-0.6252418199746085,Normal
2024-10-18,,,,,,False,False,False,True,,,0.0,,6222.6,91.40733012190044,31.0,6224.333333333333,70.86254299695551,31.88888888888889,0,287.0,True,-0.6093375912395282,Normal
2024-10-19,,,,,,False,False,False,True,,,0.0,,6222.6,91.40733012190044,31.0,6224.333333333333,70.86254299695551,31.88888888888889,0,287.0,True,-0.5956459247996458,Normal
2024-10-20,147.0,276.0,214.0,5918.0,195.0,False,False,False,False,6194.0,19.0,-1.776086267047261,0.9112149532710281,6238.2,73.5846451375147,38.4,6221.3,67.4949380817742,30.6,2,306.0,True,-0.4864331096062763,Normal
2024-10-21,108.0,220.0,213.0,5966.0,154.0,False,False,False,False,6186.0,59.0,-0.12915724895059544,0.7230046948356808,6245.6,63.54761993980518,39.4,6224.1,65.11605024873577,34.2,3,342.0,True,-0.4357439052738852,Normal
2024-10-22,180.0,280.0,146.0,6043.0,109.0,False,False,False,False,6323.0,37.0,2.2146783058519137,0.7465753424657534,6266.0,69.74596762547479,36.4,6231.2,72.00277772416788,33.6,4,336.0,True,-0.30812824695643043,Normal
2024-10-23,134.0,294.0,186.0,6077.0,138.0,False,False,False,False,6371.0,48.0,0.7591333227898067,0.7419354838709677,6276.0,82.09445779109396,41.8,6242.0,84.34453153581444,35.2,5,352.0,True,-0.24930213502534215,Normal
2024-10-24,,,,,,False,False,False,True,,,0.0,,6268.5,92.79547402766121,40.75,6243.0,89.39798655448288,35.333333333333336,0,318.0,True,-0.30332581528842073,Normal
2024-10-25,,,,,,False,False,False,True,,,0.0,,6268.5,92.79547402766121,40.75,6243.0,89.39798655448288,35.333333333333336,0,318.0,True,-0.3087681362736633,Normal
2024-10-26,,,,,,False,False,False,True,,,0.0,,6268.5,92.79547402766121,40.75,6243.0,89.39798655448288,35.333333333333336,0,318.0,True,-0.31836718331273967,Normal
2024-10-27,202.0,313.0,158.0,5974.0,192.0,False,False,False,False,6287.0,-34.0,-1.318474336838804,1.2151898734177216,6291.75,78.44902803743406,27.5,6262.0,76.2348345574096,33.55555555555556,0,302.0,True,-0.1796504834870138,Normal
2024-10-28,110.0,272.0,193.0,6008.0,156.0,False,False,False,False,6280.0,37.0,-0.11134086209638738,0.8082901554404145,6315.25,41.668333300216055,22.0,6276.555555555556,63.38594306132452,31.666666666666668,2,285.0,True,-0.03996939114431756,Normal
2024-10-29,166.0,277.0,229.0,6106.0,126.0,False,False,False,False,6383.0,103.0,1.6401273885350287,0.5502183406113537,6330.25,54.27936993018386,38.5,6294.555555555556,68.43813102192064,37.333333333333336,3,336.0,True,0.044673487906993735,Normal
2024-10-30,136.0,276.0,178.0,6149.0,160.0,False,False,False,False,6425.0,18.0,0.6579978066739711,0.898876404494382,6343.75,71.70948333391908,31.0,6306.111111111111,81.07472547660568,37.0,4,333.0,True,0.12203064914884588,Normal
2024-10-31,87.0,246.0,173.0,6148.0,177.0,False,False,False,False,6394.0,-4.0,-0.4824902723735369,1.023121387283237,6353.8,66.04316770123266,24.0,6315.888888888889,86.20389266794756,31.444444444444443,0,283.0,True,0.17624302317877613,Normal
2024-11-01,,,,,,False,False,False,True,,,0.0,,6353.8,66.04316770123266,24.0,6315.888888888889,86.20389266794756,31.444444444444443,0,283.0,True,0.16184862607545417,Normal
2024-11-02,,,,,,False,False,False,True,,,0.0,,6353.8,66.04316770123266,24.0,6315.888888888889,86.20389266794756,31.444444444444443,0,283.0,True,0.1482216732893024,Normal
2024-11-03,84.0,171.0,157.0,5990.0,184.0,False,False,False,False,6161.0,-27.0,-3.6440412887081663,1.1719745222929936,6328.6,108.37573529168479,25.4,6312.222222222223,92.50780747828992,26.333333333333332,0,237.0,True,-0.03795782849513339,Normal
2024-11-04,167.0,209.0,157.0,6007.0,132.0,False,False,False,False,6216.0,25.0,0.8927122220418804,0.8407643312101911,6315.8,118.8263438805277,23.0,6315.555555555556,87.81245798731346,22.555555555555557,2,203.0,True,-0.13502248834898858,Normal
2024-11-05,109.0,245.0,159.0,6045.0,126.0,False,False,False,False,6290.0,33.0,1.1904761904761862,0.7924528301886793,6297.2,112.80381199238596,9.0,6311.888888888889,88.15106982395058,22.11111111111111,3,199.0,True,-0.2704660103255819,Normal
2024-11-06,156.0,256.0,176.0,6086.0,137.0,False,False,False,False,6342.0,39.0,0.8267090620031725,0.7784090909090909,6280.6,93.8019189569897,13.2,6308.666666666667,86.22934535293588,21.11111111111111,4,190.0,True,-0.39082723042419565,Normal
2024-11-07,125.0,232.0,192.0,6084.0,177.0,False,False,False,False,6316.0,15.0,-0.40996531062755803,0.921875,6265.0,74.7863623932451,17.0,6309.4,81.33087427974357,20.5,5,205.0,True,-0.5029698896085035,Normal
2024-11-08,,,,,,False,False,False,True,,,0.0,,6265.0,74.7863623932451,17.0,6309.4,81.33087427974357,20.5,0,205.0,True,-0.5050006973180836,Normal
2024-11-09,,,,,,False,False,False,True,,,0.0,,6265.0,74.7863623932451,17.0,6309.4,81.33087427974357,20.5,0,205.0,True,-0.5071418608428383,Normal
2024-11-10,,,,,,False,False,False,True,,,0.0,,6291.0,54.32003927359406,28.0,6311.888888888889,85.85954292393481,26.555555555555557,0,239.0,True,-0.32909985464179603,Normal
2024-11-11,118.0,139.0,168.0,5963.0,145.0,True,False,True,False,6102.0,23.0,-3.3882203926535737,0.8630952380952381,6262.5,109.08559330491386,27.5,6292.111111111111,110.95657308653225,25.0,2,225.0,True,-0.536657429842723,Normal
2024-11-12,142.0,235.0,139.0,5975.0,138.0,False,False,False,False,6210.0,1.0,1.7699115044247815,0.9928057553956835,6242.5,109.69503179277811,19.5,6272.888888888889,108.19362786738846,13.666666666666666,3,123.0,True,-0.6850150967788776,Normal
2024-11-13,148.0,245.0,175.0,5966.0,151.0,False,False,False,False,6211.0,24.0,0.016103059581329404,0.8628571428571429,6209.75,87.37038018317341,15.75,6249.111111111111,93.03956744905302,14.333333333333334,4,129.0,True,-0.9270489727264792,Normal
2024-11-14,119.0,219.0,210.0,6025.0,172.0,False,False,False,False,6244.0,38.0,0.5313154081468374,0.819047619047619,6191.75,61.88362734481909,21.5,6232.444444444444,75.65069581817158,19.0,5,171.0,True,-1.0620385782348045,Relief
2024-11-15,,,,,,False,False,False,True,,,0.0,,6191.75,61.88362734481909,21.5,6232.444444444444,75.65069581817158,19.0,0,171.0,True,-1.0679636868368694,Relief
2024-11-16,,,,,,False,False,False,True,,,0.0,,6191.75,61.88362734481909,21.5,6232.444444444444,75.65069581817158,19.0,0,171.0,True,-1.0755251253472138,Relief
2024-11-17,105.0,210.0,149.0,5816.0,195.0,False,False,False,False,6026.0,-46.0,-3.49135169762973,1.308724832214765,6158.6,91.470213731108,8.0,6217.444444444444,100.79324271881273,16.88888888888889,0,152.0,True,-1.317560616129474,Relief
2024-11-18,143.0,203.0,163.0,5819.0,138.0,False,False,False,False,6022.0,25.0,-0.06637902422834685,0.8466257668711656,6142.6,109.13661163887534,8.4,6195.888888888889,120.04628736910935,16.88888888888889,2,152.0,True,-1.4293445529833873,Relief
2024-11-19,119.0,209.0,152.0,5844.0,146.0,False,False,False,False,6053.0,6.0,0.5147791431418192,0.9605263157894737,6111.2,107.46953056571394,9.4,6169.555555555556,122.78447694140085,13.88888888888889,3,125.0,True,-1.6400703185822765,Relief
2024-11-20,155.0,212.0,181.0,5879.0,148.0,False,False,False,False,6091.0,33.0,0.6277878737815934,0.8176795580110497,6087.2,91.87872441438816,11.2,6141.666666666667,106.0907630286236,13.222222222222221,4,119.0,True,-1.7773216192195223,Relief
2024-11-21,109.0,214.0,173.0,5850.0,210.0,False,False,False,False,6064.0,-37.0,-0.44327696601543787,1.2138728323699421,6051.2,28.45522799092169,-3.8,6113.666666666667,85.6051984402555,7.444444444444445,0,67.0,True,-1.9820758704978412,Relief
2024-11-22,,,,,,False,False,False,True,,,0.0,,6051.2,28.45522799092169,-3.8,6113.666666666667,85.6051984402555,7.444444444444445,0,67.0,True,-1.9344173696216387,Relief
2024-11-23,,,,,,False,False,False,True,,,0.0,,6051.2,28.45522799092169,-3.8,6113.666666666667,85.6051984402555,7.444444444444445,0,67.0,True,-1.8829540731773124,Relief
2024-11-24,191.0,283.0,192.0,5664.0,207.0,False,False,False,False,5947.0,-15.0,-1.9294195250659674,1.078125,6035.4,55.256673805210724,2.4,6097.0,96.39386794694863,5.2,0,52.0,True,-1.9275847993095794,Relief
2024-11-25,170.0,297.0,196.0,5715.0,129.0,False,False,False,False,6012.0,67.0,1.0929880612073228,0.6581632653061225,6033.4,56.038379705479315,10.8,6088.0,100.00888849384216,9.6,2,96.0,True,-1.8786384815378068,Relief
2024-11-26,152.0,272.0,214.0,5826.0,112.0,False,False,False,False,6098.0,102.0,1.4304723885562254,0.5233644859813084,6042.4,63.137152295739526,30.0,6076.8,90.66274501320422,19.7,3,197.0,True,-1.7656665866443875,Relief
2024-11-27,239.0,367.0,224.0,5862.0,211.0,False,False,False,False,6229.0,13.0,2.1482453263365064,0.9419642857142857,6070.0,105.58645746503299,26.0,6078.6,93.74931110855857,18.6,4,186.0,True,-1.5502932144934929,Relief
2024-11-28,113.0,280.0,237.0,5963.0,143.0,False,False,False,False,6243.0,94.0,0.224755177396041,0.6033755274261603,6105.8,130.4595722820482,52.2,6078.5,93.55360911142732,24.2,5,242.0,True,-1.2947499476880697,Relief
2024-11-29,,,,,,False,False,False,True,,,0.0,,6105.8,130.4595722820482,52.2,6078.5,93.55360911142732,24.2,0,242.0,True,-1.2656519082685664,Relief
2024-11-30,,,,,,False,False,False,True,,,0.0,,6105.8,130.4595722820482,52.2,6078.5,93.55360911142732,24.2,0,242.0,True,-1.2375682351808952,Relief
2024-12-01,196.0,306.0,187.0,5986.0,149.0,False,False,False,False,6292.0,38.0,0.7848790645522907,0.7967914438502673,6174.8,115.89521129026194,62.8,6105.1,112.8031224941955,32.6,2,326.0,True,-0.7864380377702792,Normal
2024-12-02,236.0,330.0,222.0,6061.0,115.0,False,False,False,False,6391.0,107.0,1.573426573426584,0.5180180180180181,6250.6,106.34519265116735,70.8,6142.0,139.73705465781282,40.8,3,408.0,True,-0.2937206784622791,Normal
2024-12-03,81.0,230.0,242.0,6192.0,107.0,True,False,True,False,6422.0,135.0,0.48505711156312525,0.44214876033057854,6315.4,87.08214512753695,77.4,6178.9,160.7623850421505,53.7,4,537.0,True,0.1357640287105494,Normal
2024-12-04,118.0,245.0,160.0,6269.0,115.0,False,False,False,False,6514.0,45.0,1.4325755216443525,0.71875,6372.4,107.31402517850576,83.8,6221.2,188.34766907089872,54.9,5,549.0,True,0.5259455092004532,Normal
2024-12-05,218.0,283.0,208.0,6310.0,150.0,False,False,False,False,6593.0,58.0,1.2127724900214965,0.7211538461538461,6442.4,115.63433746086163,76.6,6274.1,212.0830288144424,64.4,6,644.0,True,1.007365452521578,Stress
2024-12-06,,,,,,False,False,False,True,,,0.0,,6442.4,115.63433746086163,76.6,6274.1,212.0830288144424,64.4,0,644.0,True,1.0310280892703294,Stress
2024-12-07,,,,,,False,False,False,True,,,0.0,,6442.4,115.63433746086163,76.6,6274.1,212.0830288144424,64.4,0,644.0,True,1.0555247245089514,Stress
2024-12-08,132.0,243.0,183.0,6286.0,172.0,False,False,False,False,6529.0,11.0,-0.9707265281359012,0.9398907103825137,6489.8,82.35714905223507,71.2,6332.3,191.17185404178744,67.0,2,670.0,True,1.4096902126205886,Stress
2024-12-09,224.0,315.0,152.0,6268.0,174.0,False,False,False,False,6583.0,-22.0,0.8270791851738402,1.144736842105263,6528.2,68.34251970780556,45.4,6389.4,168.84391213977364,58.1,0,581.0,True,1.7098691849755774,Stress
2024-12-10,167.0,326.0,213.0,6310.0,149.0,False,False,False,False,6636.0,64.0,0.8051040559015732,0.6995305164319249,6571.0,49.6638701674718,31.2,6443.2,150.38011097806438,54.3,2,543.0,True,2.040041966126488,Stress
2024-12-11,209.0,353.0,232.0,6402.0,152.0,False,False,False,False,6755.0,80.0,1.793248945147674,0.6551724137931034,6619.2,84.93644682944516,38.2,6495.8,158.88416465392376,61.0,3,610.0,True,2.3884124098448707,Stress
2024-12-12,153.0,253.0,286.0,6481.0,194.0,True,False,True,False,6734.0,92.0,-0.31088082901554737,0.6783216783216783,6647.4,96.66074694523601,45.0,6544.9,147.54317635487746,60.8,4,608.0,True,2.568521302512068,Stress
2024-12-13,,,,,,False,False,False,True,,,0.0,,6647.4,96.66074694523601,45.0,6544.9,147.54317635487746,60.8,0,608.0,True,2.5477051165562274,Stress
2024-12-14,,,,,,False,False,False,True,,,0.0,,6647.4,96.66074694523601,45.0,6544.9,147.54317635487746,60.8,0,608.0,True,2.5176523679750047,Stress
2024-12-15,180.0,337.0,219.0,6408.0,224.0,False,False,False,False,6745.0,-5.0,0.16335016335016217,1.0228310502283104,6690.6,76.72874298469006,41.8,6590.2,129.73545733101153,56.5,0,565.0,True,2.7434566248267553,Stress
2024-12-16,133.0,287.0,189.0,6454.0,149.0,False,False,False,False,6741.0,40.0,-0.05930318754633346,0.7883597883597884,6722.2,48.782168873579096,54.2,6625.2,116.56738632891107,49.8,2,498.0,True,2.8540275960011106,Stress
2024-12-17,187.0,310.0,247.0,6506.0,151.0,False,False,False,False,6816.0,96.0,1.1125945705384943,0.611336032388664,6758.2,33.19186647373334,60.6,6664.6,106.39674180474218,45.9,3,459.0,True,2.952042378997903,Stress
2024-12-18,168.0,285.0,210.0,6598.0,134.0,False,False,False,False,6883.0,76.0,0.9829812206572752,0.638095238095238,6783.8,64.60417943144203,59.8,6701.5,112.19254283001727,49.0,4,490.0,True,2.9585444122769444,Stress
2024-12-19,269.0,412.0,204.0,6600.0,238.0,False,False,False,False,7012.0,-34.0,1.8741827691413526,1.1666666666666667,6839.4,112.7310959762635,34.6,6743.4,141.56521857825837,39.8,0,398.0,True,3.105856734133434,Stress
2024-12-20,,,,,,False,False,False,True,,,0.0,,6839.4,112.7310959762635,34.6,6743.4,141.56521857825837,39.8,0,398.0,True,2.942607330172976,Stress
2024-12-21,,,,,,False,False,False,True,,,0.0,,6839.4,112.7310959762635,34.6,6743.4,141.56521857825837,39.8,0,398.0,True,2.7918376413633808,Stress
2024-12-22,100.0,255.0,236.0,6595.0,268.0,False,False,False,False,6850.0,-32.0,-2.310325156873927,1.1355932203389831,6860.4,99.78627160090396,29.2,6775.5,122.68229067165186,35.5,0,355.0,True,2.749788360957408,Stress
2024-12-23,205.0,294.0,177.0,6548.0,231.0,False,False,False,False,6842.0,-54.0,-0.11678832116788218,1.305084745762712,6880.6,77.25153720159368,10.4,6801.4,103.34215016148752,32.3,0,323.0,True,2.701107448231523,Stress
2024-12-24,161.0,304.0,211.0,6622.0,155.0,False,False,False,False,6926.0,56.0,1.2277111955568465,0.7345971563981043,6902.6,69.5327261079921,2.4,6830.4,91.8176937680778,31.5,2,315.0,True,2.660737061404362,Stress
2024-12-25,57.0,162.0,193.0,6689.0,107.0,True,False,True,False,6851.0,86.0,-1.082876118971987,0.5544041450777202,6896.2,73.16556567135314,4.4,6840.0,87.99747471123955,32.1,3,321.0,True,2.505428450571904,Stress
2024-12-26,80.0,122.0,152.0,6707.0,135.0,True,False,True,False,6829.0,17.0,-0.3211210042329604,0.8881578947368421,6859.6,38.14839446175085,14.6,6849.5,80.05171939301195,24.6,4,246.0,True,2.246653424809945,Stress
2024-12-27,,,,,,False,False,False,True,,,0.0,,6859.6,38.14839446175085,14.6,6849.5,80.05171939301195,24.6,0,246.0,True,2.159693860571985,Stress
2024-12-28,,,,,,False,False,False,True,,,0.0,,6859.6,38.14839446175085,14.6,6849.5,80.05171939301195,24.6,0,246.0,True,2.0800584040189283,Stress
2024-12-29,107.0,170.0,133.0,6465.0,216.0,False,False,False,False,6635.0,-83.0,-2.8408258895885163,1.6240601503759398,6816.6,108.31574216156055,4.4,6838.5,100.85991385194565,16.8,0,168.0,True,1.8424407180559417,Stress
2024-12-30,99.0,156.0,139.0,6454.0,177.0,False,False,False,False,6610.0,-38.0,-0.37678975131876236,1.2733812949640289,6770.2,139.82381771361412,7.6,6825.4,121.3554924820263,9.0,0,90.0,True,1.609333050974718,Stress
2024-12-31,,,,,,False,False,False,True,,,0.0,,6731.25,126.30749515902451,-4.5,6826.444444444444,128.66925731415924,-0.6666666666666666,0,-6.0,False,1.418337340876048,Stress
2025-01-01,25.0,66.0,94.0,6405.0,144.0,True,False,True,False,6471.0,-50.0,-2.1028744326777593,1.5319148936170213,6636.25,147.36660634852552,-38.5,6780.666666666667,172.02034763364225,-14.666666666666666,0,-132.0,False,1.022393850067719,Stress
2025-01-02,35.0,70.0,53.0,6292.0,170.0,False,False,False,False,6362.0,-117.0,-1.6844382630196275,3.207547169811321,6519.5,127.39570898064967,-72.0,6708.444444444444,197.3417790985382,-23.88888888888889,0,-215.0,False,0.5528796038277937,Normal
2025-01-03,,,,,,False,False,False,True,,,0.0,,6519.5,127.39570898064967,-72.0,6708.444444444444,197.3417790985382,-23.88888888888889,0,-215.0,False,0.5415310455711941,Normal
2025-01-04,,,,,,False,False,False,True,,,0.0,,6519.5,127.39570898064967,-72.0,6708.444444444444,197.3417790985382,-23.88888888888889,0,-215.0,False,0.5313546279204244,Normal
2025-01-05,43.0,73.0,64.0,5882.0,185.0,False,False,False,False,5955.0,-121.0,-6.397359320968254,2.890625,6349.5,281.9036478421022,-81.5,6609.0,310.2797125175889,-33.77777777777778,0,-304.0,False,-0.13755326231052414,Normal
2025-01-06,41.0,60.0,71.0,5769.0,190.0,True,False,True,False,5829.0,-119.0,-2.1158690176322437,2.676056338028169,6154.25,310.36470482324376,-101.75,6496.444444444444,388.95376046231326,-41.0,0,-369.0,False,-0.8958399322648506,Normal
2025-01-07,65.0,83.0,65.0,5703.0,133.0,False,False,False,False,5786.0,-68.0,-0.7376908560645101,2.046153846153846,6080.6,315.22420592336334,-95.0,6369.777777777777,416.24715547909796,-54.77777777777778,0,-493.0,False,-1.1696953083974193,Relief
2025-01-08,38.0,80.0,82.0,5605.0,184.0,True,False,True,False,5685.0,-102.0,-1.7455928102315887,2.2439024390243905,5923.4,263.6253022758175,-105.4,6240.222222222223,429.00721957146527,-75.66666666666667,0,-681.0,False,-1.7400340950053377,Relief
2025-01-09,56.0,82.0,68.0,5507.0,164.0,False,False,False,False,5589.0,-96.0,-1.6886543535620024,2.411764705882353,5768.8,139.5893978782677,-101.2,6102.444444444444,415.1752976488026,-88.22222222222223,0,-794.0,False,-2.248697932233957,Relief
2025-01-10,,,,,,False,False,False,True,,,0.0,,5768.8,139.5893978782677,-101.2,6102.444444444444,415.1752976488026,-88.22222222222223,0,-794.0,False,-2.1728365771080296,Relief
2025-01-11,,,,,,False,False,False,True,,,0.0,,5768.8,139.5893978782677,-101.2,6102.444444444444,415.1752976488026,-88.22222222222223,0,-794.0,False,-2.104581324796886,Relief
2025-01-12,74.0,103.0,80.0,5092.0,235.0,False,False,False,False,5195.0,-155.0,-7.049561638933621,2.9375,5616.8,253.4742590481693,-108.0,5942.444444444444,459.40235935155005,-96.22222222222223,0,-866.0,False,-2.5273373825700087,Relief
2025-01-13,68.0,107.0,102.0,5019.0,181.0,False,False,False,False,5126.0,-79.0,-1.3282001924927789,1.7745098039215685,5476.2,297.49403355364865,-100.0,5777.555555555556,456.16063812846625,-100.77777777777777,0,-907.0,False,-2.8446844980196158,Relief
2025-01-14,92.0,124.0,93.0,4957.0,139.0,False,False,False,False,5081.0,-46.0,-0.877877487319545,1.4946236559139785,5335.2,280.54090610821873,-95.6,5707.9,483.19893533730317,-95.3,0,-953.0,False,-3.0933605261876975,Relief
2025-01-15,113.0,162.0,107.0,4903.0,164.0,False,False,False,False,5065.0,-57.0,-0.3148986419996058,1.5327102803738317,5211.2,217.1294544736417,-86.6,5567.3,439.0198805926068,-96.0,0,-960.0,False,-3.2324548336776253,Relief
2025-01-16,106.0,196.0,131.0,4881.0,159.0,False,False,False,False,5077.0,-28.0,0.23692003948667661,1.213740458015267,5108.8,53.45278290250131,-73.0,5438.8,361.84244576271834,-87.1,0,-871.0,False,-3.275003116531153,Relief
2025-01-17,,,,,,False,False,False,True,,,0.0,,5108.8,53.45278290250131,-73.0,5438.8,361.84244576271834,-87.1,0,-871.0,False,-3.064691049198179,Relief
2025-01-18,,,,,,False,False,False,True,,,0.0,,5108.8,53.45278290250131,-73.0,5438.8,361.84244576271834,-87.1,0,-871.0,False,-2.8859025118940025,Relief
2025-01-19,86.0,152.0,168.0,4628.0,176.0,True,False,True,False,4780.0,-8.0,-5.849911364979321,1.0476190476190477,5025.8,139.34023108931083,-43.6,5321.3,366.3425992155285,-75.8,0,-758.0,False,-2.905450393580745,Relief
2025-01-20,84.0,118.0,136.0,4638.0,127.0,True,False,True,False,4756.0,9.0,-0.5020920502092019,0.9338235294117647,4951.8,168.10324208659117,-26.0,5214.0,358.16414610558667,-63.0,2,-630.0,False,-2.894862357214303,Relief
2025-01-21,59.0,64.0,117.0,4728.0,54.0,True,False,True,False,4792.0,63.0,0.7569386038688064,0.46153846153846156,4894.0,162.15270580543358,-4.2,5114.6,317.39047104646795,-49.9,3,-499.0,False,-2.847615713574027,Relief
2025-01-22,62.0,97.0,52.0,4717.0,83.0,False,False,False,False,4814.0,-31.0,0.45909849749583564,1.5961538461538463,4843.8,132.03484388608882,1.0,5027.5,257.2872368039452,-42.8,0,-428.0,False,-2.788049994690353,Relief
2025-01-23,91.0,75.0,97.0,4621.0,174.0,True,False,True,False,4696.0,-77.0,-2.451184046530952,1.7938144329896908,4767.6,45.17521444359071,-8.8,4938.2,185.78230988620314,-40.9,0,-409.0,False,-2.777396204392802,Relief
2025-01-24,,,,,,False,False,False,True,,,0.0,,4767.6,45.17521444359071,-8.8,4938.2,185.78230988620314,-40.9,0,-409.0,False,-2.6350286794179576,Relief
2025-01-25,,,,,,False,False,False,True,,,0.0,,4767.6,45.17521444359071,-8.8,4938.2,185.78230988620314,-40.9,0,-409.0,False,-2.5093791606258105,Relief
2025-01-26,29.0,51.0,11.0,4241.0,182.0,False,False,False,False,4292.0,-171.0,-8.603066439523,16.545454545454547,4670.0,215.97222043592805,-41.4,4847.9,254.01725663161668,-42.5,0,-425.0,False,-2.5511507975944725,Relief
2025-01-27,33.0,53.0,34.0,4161.0,127.0,False,False,False,False,4214.0,-93.0,-1.817334575955265,3.735294117647059,4561.6,286.51492107746486,-61.8,4756.7,302.2210559617777,-43.9,0,-439.0,False,-2.5983001519938567,Relief
2025-01-28,32.0,49.0,39.0,4096.0,101.0,False,False,False,False,4145.0,-62.0,-1.6373991457047987,2.58974358974359,4432.2,302.1228227063074,-86.8,4663.1,333.90532590339336,-45.5,0,-455.0,False,-2.66341956291539,Relief
2025-01-29,32.0,50.0,39.0,4036.0,99.0,False,False,False,False,4086.0,-60.0,-1.423401688781667,2.5384615384615383,4286.6,241.45351519501193,-92.6,4565.2,346.26765498508934,-45.8,0,-458.0,False,-2.7347301296915503,Relief
2025-01-30,47.0,42.0,47.0,3923.0,159.0,True,False,True,False,3965.0,-112.0,-2.961331375428289,3.382978723404255,4140.4,124.64469503363937,-99.6,4454.0,342.1757183410382,-54.2,0,-542.0,False,-2.788668067460129,Relief
2025-01-31,,,,,,False,False,False,True,,,0.0,,4140.4,124.64469503363937,-99.6,4454.0,342.1757183410382,-54.2,0,-542.0,False,-2.6440368071624594,Relief
2025-02-01,,,,,,False,False,False,True,,,0.0,,4140.4,124.64469503363937,-99.6,4454.0,342.1757183410382,-54.2,0,-542.0,False,-2.5168104256847834,Relief
2025-02-02,20.0,22.0,41.0,3483.0,168.0,True,False,True,False,3505.0,-127.0,-11.601513240857509,4.097560975609756,3983.0,282.41016270670946,-90.8,4326.5,432.7586574010254,-66.1,0,-661.0,False,-2.589939631230698,Relief
2025-02-03,23.0,45.0,11.0,3403.0,102.0,False,False,False,False,3448.0,-91.0,-1.6262482168330927,9.272727272727273,3829.8,329.5962681828045,-90.4,4195.7,483.244371123145,-76.1,0,-761.0,False,-2.6423007818129194,Relief
2025-02-04,34.0,54.0,29.0,3359.0,74.0,False,False,False,False,3413.0,-45.0,-1.0150812064965153,2.5517241379310347,3683.4,316.9152883658853,-87.0,4057.8,490.8730996907255,-86.9,0,-869.0,False,-2.673869716609367,Relief
2025-02-05,26.0,36.0,36.0,3290.0,104.0,False,False,False,False,3326.0,-68.0,-2.5490770583064704,2.888888888888889,3531.4,250.9328595462008,-88.6,3909.0,460.7826674980807,-90.6,0,-906.0,False,-2.7007206627669205,Relief
2025-02-06,25.0,32.0,27.0,3181.0,145.0,False,False,False,False,3213.0,-118.0,-3.397474443776305,5.37037037037037,3381.0,114.16873477460634,-89.8,3760.7,415.79964459391226,-94.7,0,-947.0,False,-2.716001388121526,Relief
2025-02-07,,,,,,False,False,False,True,,,0.0,,3381.0,114.16873477460634,-89.8,3760.7,415.79964459391226,-94.7,0,-947.0,False,-2.5803300478241726,Relief
2025-02-08,,,,,,False,False,False,True,,,0.0,,3381.0,114.16873477460634,-89.8,3760.7,415.79964459391226,-94.7,0,-947.0,False,-2.4603768163433872,Relief
2025-02-09,15.0,13.0,23.0,2878.0,99.0,True,False,True,False,2891.0,-76.0,-10.02178649237473,4.304347826086956,3258.2,224.42303803316474,-79.6,3620.6,451.39566285513087,-85.2,0,-852.0,False,-2.4640061081826006,Relief
2025-02-10,16.0,18.0,15.0,2834.0,63.0,False,False,False,False,2852.0,-48.0,-1.3490141819439638,4.2,3139.0,254.65368640574627,-71.0,3484.4,457.88649733795637,-80.7,0,-807.0,False,-2.460354182172795,Relief
2025-02-11,11.0,22.0,12.0,2799.0,50.0,False,False,False,False,2821.0,-38.0,-1.0869565217391353,4.166666666666667,3020.6,232.02866202268422,-69.6,3352.0,436.57123639152144,-78.3,0,-783.0,False,-2.452903301107606,Relief
2025-02-12,16.0,20.0,20.0,2752.0,66.0,False,False,False,False,2772.0,-46.0,-1.7369727047146455,3.3,2909.8,174.99914285515183,-65.2,3220.6,385.90937335651904,-76.9,0,-769.0,False,-2.436743342411134,Relief
2025-02-13,15.0,10.0,23.0,2703.0,72.0,True,False,True,False,2713.0,-49.0,-2.128427128427124,3.130434782608696,2809.8,69.46006046670682,-51.4,3095.4,313.9551277208233,-70.6,0,-706.0,False,-2.4108574454543032,Relief
2025-02-14,,,,,,False,False,False,True,,,0.0,,2809.8,69.46006046670682,-51.4,3095.4,313.9551277208233,-70.6,0,-706.0,False,-2.308596682057965,Relief
2025-02-15,,,,,,False,False,False,True,,,0.0,,2809.8,69.46006046670682,-51.4,3095.4,313.9551277208233,-70.6,0,-706.0,False,-2.2160393762266932,Relief
2025-02-16,,,,,,False,False,False,True,,,0.0,,2789.5,60.70969170337045,-45.25,3049.8888888888887,295.9511971779878,-64.33333333333333,0,-579.0,False,-2.146609218753639,Relief
2025-02-17,8.0,17.0,14.0,2532.0,15.0,False,False,False,False,2549.0,-1.0,-6.044968669369699,1.0714285714285714,2713.75,118.37616595716818,-33.5,2950.0,296.4991568284346,-54.333333333333336,0,-489.0,False,-2.1225051241663953,Relief
2025-02-18,18.0,19.0,11.0,2536.0,9.0,False,False,False,False,2555.0,2.0,0.23538642604943316,0.8181818181818182,2647.25,112.61845615492905,-23.5,2854.6666666666665,265.3191474431732,-49.111111111111114,2,-442.0,False,-2.0925963932468834,Relief
2025-02-19,12.0,17.0,17.0,2528.0,19.0,False,False,False,False,2545.0,-2.0,-0.3913894324853229,1.1176470588235294,2590.5,81.77000265003599,-12.5,2767.8888888888887,214.80191133014412,-41.77777777777778,0,-376.0,False,-2.0573283658408017,Relief
2025-02-20,13.0,25.0,15.0,2520.0,32.0,False,False,False,False,2545.0,-17.0,0.0,2.1333333333333333,2548.5,4.725815631962501,-4.5,2693.6666666666665,146.24209380329495,-30.555555555555557,0,-275.0,False,-2.0140342108058373,Relief
2025-02-21,,,,,,False,False,False,True,,,0.0,,2548.5,4.725815631962501,-4.5,2693.6666666666665,146.24209380329495,-30.555555555555557,0,-275.0,False,-1.9456815110704324,Relief
2025-02-22,,,,,,False,False,False,True,,,0.0,,2548.5,4.725815631962501,-4.5,2693.6666666666665,146.24209380329495,-30.555555555555557,0,-275.0,False,-1.8821774227589518,Relief
2025-02-23,7.0,16.0,8.0,2423.0,35.0,False,False,False,False,2439.0,-27.0,-4.165029469548132,4.375,2526.6,49.140614567185054,-9.0,2643.4444444444443,147.60937564311192,-25.11111111111111,0,-226.0,False,-1.836944386032887,Relief
2025-02-24,20.0,22.0,14.0,2413.0,24.0,False,False,False,False,2435.0,-10.0,-0.16400164001639794,1.7142857142857142,2503.8,61.132642671823106,-10.8,2597.1111111111113,139.1675648672581,-20.88888888888889,0,-188.0,False,-1.7949497856026173,Relief
2025-02-25,11.0,7.0,7.0,2413.0,23.0,False,False,False,False,2420.0,-16.0,-0.6160164271047264,3.2857142857142856,2476.8,62.65939674175777,-14.4,2552.5555555555557,121.61220242125786,-18.444444444444443,0,-166.0,False,-1.7579345314550934,Relief
2025-02-26,12.0,21.0,1.0,2411.0,23.0,False,False,False,False,2432.0,-22.0,0.49586776859504855,23.0,2454.2,51.2513414462604,-18.4,2514.777777777778,94.76916399555037,-15.777777777777779,0,-142.0,False,-1.720198576728268,Relief
2025-02-27,10.0,15.0,17.0,2391.0,37.0,True,False,True,False,2406.0,-20.0,-1.0690789473684181,2.176470588235294,2426.4,13.42758355182989,-19.0,2480.6666666666665,65.11336268363775,-12.555555555555555,0,-113.0,False,-1.6875881129044084,Relief
2025-02-28,,,,,,False,False,False,True,,,0.0,,2426.4,13.42758355182989,-19.0,2480.6666666666665,65.11336268363775,-12.555555555555555,0,-113.0,False,-1.6399579849195978,Relief
2025-03-01,,,,,,False,False,False,True,,,0.0,,2426.4,13.42758355182989,-19.0,2480.6666666666665,65.11336268363775,-12.555555555555555,0,-113.0,False,-1.5949067051409576,Relief
2025-03-02,12.0,24.0,4.0,2297.0,31.0,False,False,False,False,2321.0,-27.0,-3.5328345802161265,7.75,2402.8,47.134912750969896,-19.0,2464.7,79.48591769040121,-14.0,0,-140.0,False,-1.566066188389869,Relief
2025-03-03,8.0,29.0,18.0,2287.0,25.0,False,False,False,False,2316.0,-7.0,-0.21542438604049696,1.3888888888888888,2379.0,56.017854297016,-18.4,2441.4,85.9188247383453,-14.6,0,-146.0,False,-1.538749261108814,Relief
2025-03-04,4.0,25.0,10.0,2272.0,30.0,False,False,False,False,2297.0,-20.0,-0.8203799654576849,3.0,2354.4,60.35147057066538,-19.2,2415.6,86.74893531192046,-16.8,0,-168.0,False,-1.5132148448622371,Relief
2025-03-05,5.0,20.0,4.0,2238.0,40.0,False,False,False,False,2258.0,-36.0,-1.6978667827601268,10.0,2319.6,54.27983050859816,-22.0,2386.9,86.65698663874288,-20.2,0,-202.0,False,-1.494796537360121,Relief
2025-03-06,7.0,27.0,6.0,2218.0,33.0,False,False,False,False,2245.0,-27.0,-0.5757307351638596,5.5,2287.4,34.282648673087984,-23.4,2356.9,77.26210800455299,-21.2,0,-212.0,False,-1.47563827331494,Relief
2025-03-07,,,,,,False,False,False,True,,,0.0,,2287.4,34.282648673087984,-23.4,2356.9,77.26210800455299,-21.2,0,-212.0,False,-1.4390531097400543,Relief
2025-03-08,,,,,,False,False,False,True,,,0.0,,2287.4,34.282648673087984,-23.4,2356.9,77.26210800455299,-21.2,0,-212.0,False,-1.4041631286432275,Relief
2025-03-09,12.0,25.0,15.0,2137.0,30.0,False,False,False,False,2162.0,-15.0,-3.697104677060137,2.0,2255.6,59.66824951381277,-21.0,2329.2,92.6748197850746,-20.0,0,-200.0,False,-1.3886630517807859,Relief
2025-03-10,6.0,28.0,8.0,2125.0,23.0,False,False,False,False,2153.0,-15.0,-0.4162812210915856,2.875,2223.0,62.86095767678738,-22.6,2301.0,99.5534473981825,-20.5,0,-205.0,False,-1.374386982157076,Relief
2025-03-11,3.0,11.0,7.0,2116.0,20.0,False,False,False,False,2127.0,-13.0,-1.207617278216444,2.857142857142857,2189.0,58.664299195022295,-21.2,2271.7,103.67047152704788,-20.2,0,-202.0,False,-1.3616758510658211,Relief
2025-03-12,6.0,18.0,2.0,2113.0,8.0,False,False,False,False,2131.0,-6.0,0.18805829807240215,4.0,2163.6,47.810040786881544,-15.2,2241.6,95.31724806010476,-18.6,0,-186.0,False,-1.3448589719301351,Relief
2025-03-13,4.0,20.0,9.0,2116.0,6.0,False,False,False,False,2136.0,3.0,0.2346316283434957,0.6666666666666666,2141.8,15.023315214806612,-9.2,2214.6,80.69310861375669,-16.3,2,-163.0,False,-1.326762062878968,Relief
2025-03-14,,,,,,False,False,False,True,,,0.0,,2141.8,15.023315214806612,-9.2,2214.6,80.69310861375669,-16.3,0,-163.0,False,-1.2973017253932067,Relief
2025-03-15,,,,,,False,False,False,True,,,0.0,,2141.8,15.023315214806612,-9.2,2214.6,80.69310861375669,-16.3,0,-163.0,False,-1.2691270245566013,Relief
2025-03-16,1.0,9.0,8.0,2117.0,5.0,False,False,False,False,2126.0,3.0,-0.46816479400748623,0.625,2134.6,11.013627923781188,-5.6,2195.1,75.51960746114129,-13.3,2,-133.0,False,-1.2461472354213923,Relief
2025-03-17,5.0,14.0,0.0,2111.0,8.0,False,False,False,False,2125.0,-8.0,-0.04703668861711918,,2129.0,4.5276925738762674,-4.2,2176.0,64.95981663883857,-13.4,0,-134.0,False,-1.2233259064940316,Relief
2025-03-18,19.0,34.0,6.0,2109.0,8.0,False,False,False,False,2143.0,-2.0,0.8470588235294008,1.3333333333333333,2132.2,7.463243265733124,-2.0,2160.6,49.50241296000268,-11.6,0,-116.0,False,-1.1965455121012398,Relief
2025-03-19,6.0,22.0,14.0,2119.0,9.0,False,False,False,False,2141.0,5.0,-0.09332711152589823,0.6428571428571429,2134.2,8.348652588501695,0.2,2148.9,35.87462736897264,-7.5,2,-75.0,False,-1.1716656256961735,Relief
2025-03-20,9.0,20.0,11.0,2124.0,7.0,False,False,False,False,2144.0,4.0,0.14012143858010973,0.6363636363636364,2135.8,9.47100839633692,0.4,2138.8,12.254704311060712,-4.4,3,-44.0,False,-1.1478883867050726,Relief
2025-03-21,,,,,,False,False,False,True,,,0.0,,2135.8,9.47100839633692,0.4,2138.8,12.254704311060712,-4.4,0,-44.0,False,-1.1258711296795851,Relief
2025-03-22,,,,,,False,False,False,True,,,0.0,,2135.8,9.47100839633692,0.4,2138.8,12.254704311060712,-4.4,0,-44.0,False,-1.1047862881751886,Relief
2025-03-23,15.0,29.0,9.0,2136.0,2.0,False,False,False,False,2165.0,7.0,0.9794776119403048,0.2222222222222222,2143.6,14.240786496659041,1.2,2139.1,12.905209971875541,-2.2,2,-22.0,False,-1.0800427710462355,Relief
2025-03-24,7.0,13.0,11.0,2139.0,7.0,False,False,False,False,2152.0,4.0,-0.6004618937644368,0.6363636363636364,2149.0,9.8742088312627,3.6,2139.0,12.788884061141024,-0.3,3,-3.0,False,-1.0576731439687672,Relief
2025-03-25,12.0,19.0,7.0,2145.0,6.0,False,False,False,False,2164.0,1.0,0.5576208178438735,0.8571428571428571,2153.2,11.077003206795409,4.2,2142.7,14.205241598179013,1.1,4,11.0,True,-1.0367827128479497,Relief
2025-03-26,9.0,21.0,15.0,2159.0,2.0,False,False,False,False,2180.0,13.0,0.7393715341959428,0.13333333333333333,2161.0,13.747727086442318,5.8,2147.6,17.733834578641662,3.0,5,30.0,True,-1.0142317644742882,Relief
2025-03-27,1.0,19.0,13.0,2159.0,2.0,False,False,False,False,2178.0,11.0,-0.09174311926605228,0.15384615384615385,2167.8,11.454256852509081,7.2,2151.8,19.56073163754244,3.8,6,38.0,True,-0.993072795828032,Normal
2025-03-28,,,,,,False,False,False,True,,,0.0,,2167.8,11.454256852509081,7.2,2151.8,19.56073163754244,3.8,0,38.0,True,-0.9770129440742383,Normal
2025-03-29,,,,,,False,False,False,True,,,0.0,,2167.8,11.454256852509081,7.2,2151.8,19.56073163754244,3.8,0,38.0,True,-0.9615036140703164,Normal
2025-03-30,9.0,20.0,5.0,2188.0,2.0,False,False,False,False,2208.0,3.0,1.377410468319562,0.4,2176.4,20.99523755624569,6.4,2160.0,24.184476195746036,3.8,2,38.0,True,-0.940857524706486,Normal
2025-03-31,9.0,25.0,8.0,2193.0,5.0,False,False,False,False,2218.0,3.0,0.45289855072463414,0.625,2189.6,22.512218905365426,6.2,2169.3,26.952839470624465,4.9,3,49.0,True,-0.9175998317309157,Normal
2025-04-01,17.0,36.0,7.0,2191.0,12.0,False,False,False,False,2227.0,-5.0,0.4057709648331853,1.7142857142857142,2202.2,22.230609529272893,5.0,2177.7,30.677715400529696,4.6,0,46.0,True,-0.8947151510517449,Normal
2025-04-02,5.0,31.0,16.0,2208.0,3.0,False,False,False,False,2239.0,13.0,0.5388414907947947,0.1875,2214.0,23.140872931739494,5.0,2187.5,33.20056893716468,5.4,2,54.0,True,-0.8721550372294983,Normal
2025-04-03,12.0,26.0,18.0,2223.0,8.0,False,False,False,False,2249.0,10.0,0.44662795891021734,0.4444444444444444,2228.2,16.30030674689319,4.8,2198.0,34.49315552035495,6.0,3,60.0,True,-0.8485050193863992,Normal
2025-04-04,,,,,,False,False,False,True,,,0.0,,2228.2,16.30030674689319,4.8,2198.0,34.49315552035495,6.0,0,60.0,True,-0.8360631694484887,Normal
2025-04-05,,,,,,False,False,False,True,,,0.0,,2228.2,16.30030674689319,4.8,2198.0,34.49315552035495,6.0,0,60.0,True,-0.8231934066481909,Normal
2025-04-06,7.0,14.0,7.0,2234.0,11.0,False,False,False,False,2248.0,-4.0,-0.04446420631392112,1.5714285714285714,2236.2,13.479614239389516,3.4,2206.3,35.6372152543475,4.9,0,49.0,True,-0.8033533879792658,Normal
2025-04-07,12.0,22.0,9.0,2237.0,5.0,False,False,False,False,2259.0,4.0,0.48932384341637825,0.5555555555555556,2244.4,12.033287166967005,3.6,2217.0,33.522794897671226,4.9,2,49.0,True,-0.7833772432357293,Normal
2025-04-08,12.0,34.0,12.0,2243.0,9.0,False,False,False,False,2277.0,3.0,0.7968127490039834,0.75,2254.4,14.484474448271197,5.2,2228.3,32.707627380511816,5.1,3,51.0,True,-0.7612473225218984,Normal
2025-04-09,6.0,19.0,10.0,2251.0,5.0,False,False,False,False,2270.0,5.0,-0.30742204655248573,0.5,2260.6,12.778888842249783,3.6,2237.3,30.228941246136554,4.3,4,43.0,True,-0.7416338359037303,Normal
2025-04-10,18.0,25.0,17.0,2265.0,6.0,False,False,False,False,2290.0,11.0,0.8810572687224738,0.35294117647058826,2268.8,16.177144372308597,3.8,2248.5,26.31117210903437,4.3,5,43.0,True,-0.720709404437386,Normal
2025-04-11,8.0,22.0,8.0,2267.0,9.0,False,False,False,False,2289.0,-1.0,-0.04366812227074579,1.125,2272.1666666666665,16.654328767640532,3.0,2252.181818181818,27.787832523241747,3.8181818181818183,0,42.0,True,-0.7045513722245305,Normal
2025-04-12,,,,,,False,False,False,True,,,0.0,,2272.1666666666665,16.654328767640532,3.0,2252.181818181818,27.787832523241747,3.8181818181818183,0,42.0,True,-0.6909588955919608,Normal
2025-04-13,5.0,26.0,10.0,2283.0,3.0,False,False,False,False,2309.0,7.0,0.8737439930100566,0.3,2282.3333333333335,17.546129678666922,4.833333333333333,2261.3636363636365,28.408705451509366,4.181818181818182,2,46.0,True,-0.6672273417450683,Normal
2025-04-14,5.0,26.0,9.0,2282.0,13.0,False,False,False,False,2308.0,-4.0,-0.04330879168471524,1.4444444444444444,2290.5,15.833508772027889,3.5,2269.5454545454545,27.620150746308056,3.5454545454545454,0,39.0,True,-0.6446365629751271,Normal
2025-04-15,4.0,19.0,12.0,2286.0,7.0,False,False,False,False,2305.0,5.0,-0.12998266897746857,0.5833333333333334,2295.1666666666665,15.171244731416289,3.8333333333333335,2276.6363636363635,25.53927456743017,4.454545454545454,2,49.0,True,-0.6249339578335319,Normal
2025-04-16,11.0,30.0,5.0,2291.0,8.0,False,False,False,False,2321.0,-3.0,0.694143167028205,1.6,2303.6666666666665,12.258330502172113,2.5,2284.090909090909,25.422252242217546,3.0,0,33.0,True,-0.6007934033802856,Normal
2025-04-17,7.0,26.0,10.0,2288.0,14.0,False,False,False,False,2314.0,-4.0,-0.30159414045669575,1.4,2307.6666666666665,10.726913195344855,0.0,2290.0,23.962470656758573,1.7272727272727273,0,19.0,True,-0.5814041958489362,Normal
2025-04-18,,,,,,False,False,False,True,,,0.0,,2311.4,6.268971210830624,0.2,2290.0,23.962470656758573,1.7272727272727273,0,19.0,True,-0.5624195513672274,Normal
2025-04-19,,,,,,False,False,False,True,,,0.0,,2311.4,6.268971210830624,0.2,2290.0,23.962470656758573,1.7272727272727273,0,19.0,True,-0.5473765171561009,Normal
2025-04-20,4.0,15.0,6.0,2305.0,4.0,False,False,False,False,2320.0,2.0,0.2592912705272177,0.6666666666666666,2313.6,7.092249293574715,-0.8,2296.5454545454545,20.992206345420882,2.272727272727273,2,25.0,True,-0.5295643694493453,Normal
2025-04-21,10.0,25.0,5.0,2308.0,6.0,False,False,False,False,2333.0,-1.0,0.5603448275862011,1.2,2318.6,10.261578827947664,-0.2,2303.2727272727275,19.565740001190058,1.8181818181818181,0,20.0,True,-0.5080293928725784,Normal
2025-04-22,7.0,19.0,14.0,2305.0,17.0,False,False,False,False,2324.0,-3.0,-0.385769395627944,1.2142857142857142,2322.4,6.949820144591004,-1.8,2307.5454545454545,18.348643744121862,1.2727272727272727,0,14.0,True,-0.4875982416895458,Normal
2025-04-23,3.0,23.0,4.0,2300.0,11.0,False,False,False,False,2323.0,-7.0,-0.0430292598967319,2.75,2322.8,6.90651866298504,-2.6,2312.3636363636365,13.93034620641231,0.18181818181818182,0,2.0,True,-0.4712218999659985,Normal
2025-04-24,3.0,9.0,7.0,2294.0,13.0,False,False,False,False,2303.0,-6.0,-0.860955660783469,1.8571428571428572,2320.6,10.968135668479542,-3.0,2313.5454545454545,12.299297835595494,-1.3636363636363635,0,-15.0,False,-0.458753029514745,Normal
2025-04-25,,,,,,False,False,False,True,,,0.0,,2320.6,10.968135668479542,-3.0,2316.0,9.718253156700511,-1.4,0,-14.0,False,-0.44362953439986413,Normal
2025-04-26,,,,,,False,False,False,True,,,0.0,,2320.6,10.968135668479542,-3.0,2316.0,9.718253156700511,-1.4,0,-14.0,False,-0.4282211183436854,Normal
2025-04-27,9.0,40.0,12.0,2301.0,4.0,False,False,False,False,2341.0,8.0,1.6500217108119886,0.3333333333333333,2324.8,14.219704639764892,-1.8,2319.2,12.127104627236037,-1.3,2,-13.0,False,-0.405198232188119,Normal
2025-04-28,6.0,26.0,12.0,2307.0,8.0,False,False,False,False,2333.0,4.0,-0.34173430158052076,0.6666666666666666,2324.8,14.219704639764892,-0.8,2321.7,12.138551990155111,-0.5,3,-5.0,False,-0.38831783603625275,Normal
2025-04-29,11.0,25.0,11.0,2304.0,15.0,False,False,False,False,2329.0,-4.0,-0.17145306472353683,1.3636363636363635,2325.8,14.32480366504707,-1.0,2324.1,10.764654093421811,-1.4,0,-14.0,False,-0.3685732586162258,Normal
2025-04-30,7.0,34.0,9.0,2309.0,12.0,False,False,False,False,2343.0,-3.0,0.6011163589523472,1.3333333333333333,2329.8,16.037456158696898,-0.2,2326.3,12.21156100568063,-1.4,0,-14.0,False,-0.34140585956861463,Normal
2025-05-01,13.0,32.0,14.0,2306.0,16.0,False,False,False,False,2338.0,-2.0,-0.21340162185232714,1.1428571428571428,2336.8,5.761944120007453,0.6,2328.7,11.879487455082039,-1.2,0,-12.0,False,-0.3060944706419963,Normal
2025-05-02,,,,,,False,False,False,True,,,0.0,,2336.8,5.761944120007453,0.6,2328.7,11.879487455082039,-1.2,0,-12.0,False,-0.284624389047426,Normal
2025-05-03,,,,,,False,False,False,True,,,0.0,,2336.8,5.761944120007453,0.6,2328.7,11.879487455082039,-1.2,0,-12.0,False,-0.261498479061661,Normal
2025-05-04,9.0,31.0,10.0,2335.0,5.0,False,False,False,False,2366.0,5.0,1.1976047904191711,0.5,2341.8,14.51550894877828,0.0,2333.3,16.241579013818285,-0.9,2,-9.0,False,-0.2222125839073969,Normal
2025-05-05,15.0,44.0,20.0,2331.0,17.0,False,False,False,False,2375.0,3.0,0.3803888419273038,0.85,2350.2,19.46021582722087,-0.2,2337.5,20.913844430474512,-0.5,3,-5.0,False,-0.16814863325368953,Normal
2025-05-06,10.0,33.0,16.0,2339.0,16.0,False,False,False,False,2372.0,0.0,-0.1263157894736855,1.0,2358.8,17.108477432021008,0.6,2342.3,22.88643460353921,-0.2,0,-2.0,False,-0.10786375662468255,Normal
2025-05-07,10.0,30.0,15.0,2335.0,10.0,False,False,False,False,2365.0,5.0,-0.295109612141653,0.6666666666666666,2363.2,14.686728704580508,2.2,2346.5,22.80472660499866,1.0,2,10.0,True,-0.05809162783586161,Normal
2025-05-08,15.0,24.0,16.0,2361.0,11.0,False,False,False,False,2385.0,5.0,0.8456659619450413,0.6875,2372.6,8.080841542927224,3.6,2354.7,19.994721524993807,2.1,3,21.0,True,0.01892046220120009,Normal
2025-05-09,,,,,,False,False,False,True,,,0.0,,2372.6,8.080841542927224,3.6,2354.7,19.994721524993807,2.1,0,21.0,True,0.07037462479640975,Normal
2025-05-10,,,,,,False,False,False,True,,,0.0,,2372.6,8.080841542927224,3.6,2354.7,19.994721524993807,2.1,0,21.0,True,0.1256052070135809,Normal
2025-05-11,15.0,20.0,12.0,2385.0,3.0,False,False,False,False,2405.0,9.0,0.8385744234800763,0.25,2380.4,15.517731794365261,4.4,2361.1,24.790006946703244,2.2,2,22.0,True,0.2244156775080816,Normal
2025-05-12,7.0,33.0,14.0,2392.0,7.0,False,False,False,False,2425.0,7.0,0.8316008316008316,0.5,2390.4,24.613004693490748,5.2,2370.3,29.773403492524853,2.5,3,25.0,True,0.34182660912243557,Normal
2025-05-13,18.0,29.0,12.0,2394.0,11.0,False,False,False,False,2423.0,1.0,-0.08247422680411898,0.9166666666666666,2400.6,25.62810956824051,5.4,2379.7,30.122158694515342,3.0,4,30.0,True,0.4636943510442935,Normal
2025-05-14,7.0,30.0,14.0,2394.0,11.0,False,False,False,False,2424.0,3.0,0.04127115146512761,0.7857142857142857,2412.4,17.401149388522466,5.0,2387.8,30.047370008331015,3.6,5,36.0,True,0.5941130098663268,Normal
2025-05-15,15.0,31.0,14.0,2410.0,14.0,False,False,False,False,2441.0,0.0,0.7013201320132056,1.0,2423.6,12.759310327819962,4.0,2398.1,28.70327120296329,3.8,0,38.0,True,0.7367733361888905,Normal
2025-05-16,,,,,,False,False,False,True,,,0.0,,2423.6,12.759310327819962,4.0,2398.1,28.70327120296329,3.8,0,38.0,True,0.8194249304289968,Normal
2025-05-17,,,,,,False,False,False,True,,,0.0,,2423.6,12.759310327819962,4.0,2398.1,28.70327120296329,3.8,0,38.0,True,0.9122265371110976,Normal
2025-05-18,13.0,28.0,14.0,2437.0,9.0,False,False,False,False,2465.0,5.0,0.9832036050798854,0.6428571428571429,2435.6,18.022208522862776,3.2,2408.0,33.132729705698026,3.8,2,38.0,True,1.0910436098503575,Stress
2025-05-19,7.0,27.0,17.0,2457.0,6.0,False,False,False,False,2484.0,11.0,0.7707910750507141,0.35294117647058826,2447.4,26.613906140239564,4.0,2418.9,38.55573166751587,4.6,3,46.0,True,1.257936498985159,Stress
2025-05-20,,,,,,False,False,False,True,,,0.0,,2453.5,26.388128645066807,4.75,2424.1111111111113,36.971084797186705,5.111111111111111,0,46.0,True,1.3599821541310144,Stress
2025-05-21,14.0,62.0,13.0,2467.0,18.0,False,False,False,False,2529.0,-5.0,1.8115942028985588,1.3846153846153846,2479.75,37.25027964174766,2.75,2442.3333333333335,43.95167801085201,4.0,0,36.0,True,1.623779707655224,Stress
2025-05-22,18.0,36.0,17.0,2473.0,15.0,False,False,False,False,2509.0,2.0,-0.7908264136022192,0.8823529411764706,2496.75,28.052034983608813,3.25,2456.1111111111113,43.16087477195854,3.6666666666666665,2,33.0,True,1.802787562469316,Stress
2025-05-23,,,,,,False,False,False,True,,,0.0,,2496.75,28.052034983608813,3.25,2456.1111111111113,43.16087477195854,3.6666666666666665,0,33.0,True,1.8281273844954118,Stress
2025-05-24,,,,,,False,False,False,True,,,0.0,,2496.75,28.052034983608813,3.25,2456.1111111111113,43.16087477195854,3.6666666666666665,0,33.0,True,1.8425388187917444,Stress
2025-05-25,,,,,,False,False,False,True,,,0.0,,2507.3333333333335,22.546248765939634,2.6666666666666665,2462.5,41.34178101035402,3.0,0,24.0,True,1.9396843465341627,Stress
2025-05-26,,,,,,False,False,False,True,,,0.0,,2519.0,14.142135629541327,-1.5,2467.8571428571427,41.54687541924483,2.4285714285714284,0,17.0,True,2.027711835505601,Stress
2025-05-27,6.0,24.0,7.0,2504.0,11.0,False,False,False,False,2528.0,-4.0,0.757273814268622,1.5714285714285714,2522.0,11.269427673228947,-2.3333333333333335,2482.8571428571427,41.6070049042489,1.7142857142857142,0,12.0,True,2.0238520714890753,Stress
2025-05-28,12.0,39.0,12.0,2499.0,14.0,False,False,False,False,2538.0,-2.0,0.39556962025315556,1.1666666666666667,2525.0,14.730919865443083,-1.3333333333333333,2499.1428571428573,36.75789516691787,1.0,0,7.0,True,2.00904849756367,Stress
2025-05-29,13.0,38.0,15.0,2506.0,11.0,False,False,False,False,2544.0,4.0,0.23640661938533203,0.7333333333333333,2536.6666666666665,8.082903773725906,-0.6666666666666666,2513.8571428571427,29.50383348711463,1.5714285714285714,2,11.0,True,2.0662489111952054,Stress
2025-05-30,,,,,,False,False,False,True,,,0.0,,2536.6666666666665,8.082903773725906,-0.6666666666666666,2513.8571428571427,29.50383348711463,1.5714285714285714,0,11.0,True,2.0208545136194984,Stress
2025-05-31,,,,,,False,False,False,True,,,0.0,,2536.6666666666665,8.082903773725906,-0.6666666666666666,2513.8571428571427,29.50383348711463,1.5714285714285714,0,11.0,True,1.9713125478798217,Stress
2025-06-01,8.0,24.0,16.0,2528.0,12.0,False,False,False,False,2552.0,4.0,0.3144654088050425,0.75,2540.5,10.115993939695635,0.5,2526.285714285714,23.1280081689691,1.4285714285714286,2,10.0,True,1.9496345165455513,Stress
2025-06-02,10.0,19.0,5.0,2518.0,16.0,False,False,False,False,2537.0,-11.0,-0.5877742946708508,3.2,2539.8,8.89943818681678,-1.8,2533.8571428571427,13.752921766009077,-1.7142857142857142,0,-12.0,False,1.8887213250985813,Stress
2025-06-03,5.0,23.0,11.0,2519.0,15.0,False,False,False,False,2542.0,-4.0,0.19708316909736734,1.3636363636363635,2542.6,5.983310124083336,-1.8,2534.875,13.054145481442347,-2.0,0,-16.0,False,1.8541285515096126,Stress
2025-06-04,4.0,16.0,9.0,2516.0,16.0,False,False,False,False,2532.0,-7.0,-0.3933910306844979,1.7777777777777777,2541.4,7.53657747528447,-2.8,2535.25,12.903487899205635,-2.25,0,-18.0,False,1.7887436041534586,Stress
2025-06-05,8.0,26.0,5.0,2503.0,21.0,False,False,False,False,2529.0,-16.0,-0.11848341232227888,4.2,2538.4,9.07193474629212,-6.8,2537.75,8.154753213000314,-4.5,0,-36.0,False,1.7141244041740946,Stress
2025-06-06,,,,,,False,False,False,True,,,0.0,,2538.4,9.07193474629212,-6.8,2537.75,8.154753213000314,-4.5,0,-36.0,False,1.6660782275893693,Stress
2025-06-07,,,,,,False,False,False,True,,,0.0,,2538.4,9.07193474629212,-6.8,2537.75,8.154753213000314,-4.5,0,-36.0,False,1.6196611601228468,Stress
2025-06-08,10.0,16.0,15.0,2507.0,13.0,False,False,False,False,2523.0,2.0,-0.23724792408066353,0.8666666666666667,2532.6,7.300684902186555,-7.2,2536.1111111111113,9.075302258351343,-3.7777777777777777,2,-34.0,False,1.5341223747579336,Stress
2025-06-09,8.0,21.0,14.0,2516.0,9.0,False,False,False,False,2537.0,5.0,0.5548949663099378,0.6428571428571429,2532.6,7.300684902186555,-4.0,2536.2,8.560892994403257,-2.9,3,-29.0,False,1.4954339766907025,Stress
2025-06-10,17.0,28.0,7.0,2511.0,12.0,False,False,False,False,2539.0,-5.0,0.07883326763893361,1.7142857142857142,2532.0,6.403124240635799,-4.2,2537.3,8.083591059496744,-3.0,0,-30.0,False,1.4557361762062346,Stress
2025-06-11,,,,,,False,False,False,True,,,0.0,,2532.0,7.393691007971394,-3.5,2537.222222222222,8.569973419665157,-3.111111111111111,0,-28.0,False,1.423806511542582,Stress
2025-06-12,,,,,,False,False,False,True,,,0.0,,2533.0,8.717797891785784,0.6666666666666666,2536.375,8.749489779039381,-4.0,0,-32.0,False,1.4004772012949984,Stress
2025-06-13,,,,,,False,False,False,True,,,0.0,,2533.0,8.717797891785784,0.6666666666666666,2536.375,8.749489779039381,-4.0,0,-32.0,False,1.3711320591298026,Stress
2025-06-14,,,,,,False,False,False,True,,,0.0,,2533.0,8.717797891785784,0.6666666666666666,2536.375,8.749489779039381,-4.0,0,-32.0,False,1.3437842042204258,Stress
2025-06-15,,,,,,False,False,False,True,,,0.0,,2538.0,1.4142136203346973,0.0,2534.1428571428573,6.542898728287966,-5.142857142857143,0,-36.0,False,1.3545567844772168,Stress
2025-06-16,,,,,,False,False,False,True,,,0.0,,2539.0,,-5.0,2533.6666666666665,7.033254340459957,-4.166666666666667,0,-25.0,False,1.3363597151572577,Stress
2025-06-17,7.0,24.0,10.0,2523.0,14.0,False,False,False,False,2547.0,-4.0,0.3150846790074935,1.4,2547.0,,-4.0,2534.5,8.384509523575597,-4.166666666666667,0,-25.0,False,1.3705088079974772,Stress
2025-06-18,,,,,,False,False,False,True,,,0.0,,2547.0,,-4.0,2535.0,9.273618492188483,-3.6,0,-18.0,False,1.3455857627668086,Stress
2025-06-19,8.0,19.0,7.0,2501.0,18.0,False,False,False,False,2520.0,-11.0,-1.0600706713780883,2.5714285714285716,2533.5,19.091883092036785,-7.5,2533.2,11.366617788008341,-2.6,0,-13.0,False,1.2210220691556641,Stress
2025-06-20,,,,,,False,False,False,True,,,0.0,,2533.5,19.091883092036785,-7.5,2533.2,11.366617788008341,-2.6,0,-13.0,False,1.2006617811126437,Stress
2025-06-21,,,,,,False,False,False,True,,,0.0,,2533.5,19.091883092036785,-7.5,2533.2,11.366617788008341,-2.6,0,-13.0,False,1.1805484834493927,Stress
2025-06-22,7.0,13.0,5.0,2508.0,7.0,False,False,False,False,2521.0,-2.0,0.03968253968253954,1.4,2529.3333333333335,15.30795000427341,-5.666666666666667,2532.8,11.840608089902684,-3.4,0,-17.0,False,1.1284787746645304,Stress
2025-06-23,3.0,15.0,5.0,2495.0,17.0,False,False,False,False,2510.0,-12.0,-0.4363347877826218,3.4,2524.5,15.800843859321818,-7.25,2527.4,15.142654983149047,-6.8,0,-34.0,False,1.071642858600224,Stress
2025-06-24,5.0,20.0,5.0,2489.0,16.0,False,False,False,False,2509.0,-11.0,-0.03984063745019473,3.2,2515.0,6.377042156569771,-9.0,2521.4,15.339491514998484,-8.0,0,-40.0,False,0.9772312108099588,Normal
2025-06-25,6.0,12.0,2.0,2470.0,24.0,False,False,False,False,2482.0,-22.0,-1.0761259465922657,12.0,2508.4,15.757537878742408,-11.6,2514.8333333333335,21.141586189726944,-10.333333333333334,0,-62.0,False,0.9059902385824483,Normal
2025-06-26,3.0,9.0,7.0,2447.0,35.0,False,False,False,False,2456.0,-28.0,-1.0475423045930743,5.0,2495.6,26.38749703931771,-15.0,2506.4285714285716,29.444055103051877,-12.857142857142858,0,-90.0,False,0.7828145799298702,Normal
2025-06-27,,,,,,False,False,False,True,,,0.0,,2495.6,26.38749703931771,-15.0,2506.4285714285716,29.444055103051877,-12.857142857142858,0,-90.0,False,0.7670644846042453,Normal
2025-06-28,,,,,,False,False,False,True,,,0.0,,2495.6,26.38749703931771,-15.0,2506.4285714285716,29.444055103051877,-12.857142857142858,0,-90.0,False,0.7512610689878405,Normal
2025-06-29,5.0,17.0,7.0,2413.0,20.0,False,False,False,False,2430.0,-13.0,-1.0586319218241047,2.857142857142857,2477.4,34.59479729670347,-17.2,2496.875,38.38317153529504,-12.875,0,-103.0,False,0.5732182287430807,Normal
2025-06-30,9.0,22.0,8.0,2407.0,16.0,False,False,False,False,2429.0,-8.0,-0.04115226337448874,2.0,2461.2,34.47752891377224,-16.4,2489.3333333333335,42.43819034748549,-12.333333333333334,0,-111.0,False,0.4088706071391289,Normal
2025-07-01,7.0,14.0,6.0,2391.0,22.0,False,False,False,False,2405.0,-16.0,-0.9880609304240395,3.6666666666666665,2440.4,29.43297470525191,-17.4,2473.5555555555557,44.65733733382698,-13.666666666666666,0,-123.0,False,0.19754175737922566,Normal
2025-07-02,8.0,20.0,9.0,2373.0,38.0,False,False,False,False,2393.0,-29.0,-0.498960498960499,4.222222222222222,2422.6,24.480604567698062,-18.8,2465.5,49.20986802546784,-15.2,0,-152.0,False,0.009691439913719282,Normal
2025-07-03,,,,,,False,False,False,True,,,0.0,,2414.25,18.28250529878216,-16.5,2459.4444444444443,48.080950258363735,-15.666666666666666,0,-141.0,False,-0.09212066461627702,Normal
2025-07-04,,,,,,False,False,False,True,,,0.0,,2414.25,18.28250529878216,-16.5,2459.4444444444443,48.080950258363735,-15.666666666666666,0,-141.0,False,-0.11476867454503654,Normal
2025-07-05,,,,,,False,False,False,True,,,0.0,,2414.25,18.28250529878216,-16.5,2459.4444444444443,48.080950258363735,-15.666666666666666,0,-141.0,False,-0.13737465671741778,Normal
2025-07-06,4.0,17.0,2.0,2332.0,8.0,False,False,False,False,2349.0,-6.0,-1.8386961972419513,4.0,2394.0,33.52610922848039,-14.75,2440.3333333333335,54.33231082854384,-16.11111111111111,0,-145.0,False,-0.36825356830942513,Normal
2025-07-07,3.0,18.0,8.0,2317.0,20.0,False,False,False,False,2335.0,-12.0,-0.5959982971477262,2.5,2370.5,33.75894943073122,-15.75,2420.8888888888887,57.505313763865736,-16.11111111111111,0,-145.0,False,-0.6370703993660578,Normal
2025-07-08,5.0,16.0,8.0,2306.0,20.0,False,False,False,False,2322.0,-12.0,-0.5567451820128522,2.5,2349.75,30.869348335633322,-14.75,2400.1111111111113,55.435648377922675,-16.22222222222222,0,-146.0,False,-0.8798537566817883,Normal
2025-07-09,2.0,18.0,0.0,2281.0,32.0,False,False,False,False,2299.0,-32.0,-0.9905254091300608,,2326.25,21.250490190424742,-15.5,2379.777777777778,55.205927620266024,-17.333333333333332,0,-156.0,False,-1.150770633682811,Relief
2025-07-10,2.0,12.0,3.0,2252.0,39.0,False,False,False,False,2264.0,-36.0,-1.5224010439321423,13.0,2313.8,33.372144072564566,-19.6,2358.4444444444443,59.03412384161744,-18.22222222222222,0,-164.0,False,-1.3009490469979021,Relief
2025-07-11,,,,,,False,False,False,True,,,0.0,,2313.8,33.372144072564566,-19.6,2358.4444444444443,59.03412384161744,-18.22222222222222,0,-164.0,False,-1.316361479365757,Relief
2025-07-12,,,,,,False,False,False,True,,,0.0,,2313.8,33.372144072564566,-19.6,2358.4444444444443,59.03412384161744,-18.22222222222222,0,-164.0,False,-1.3279593349906929,Relief
2025-07-13,1.0,13.0,4.0,2204.0,10.0,False,False,False,False,2217.0,-6.0,-2.075971731448767,2.5,2287.4,47.700104821687866,-19.6,2334.777777777778,68.67091410789678,-17.444444444444443,0,-157.0,False,-1.6193137299331148,Relief
2025-07-14,2.0,9.0,1.0,2181.0,26.0,False,False,False,False,2190.0,-25.0,-1.2178619756427644,26.0,2258.4,55.03907702714512,-22.2,2308.222222222222,73.70681409757302,-19.333333333333332,0,-174.0,False,-1.920961806151924,Relief
2025-07-15,0.0,8.0,5.0,2171.0,17.0,False,False,False,False,2179.0,-12.0,-0.5022831050228271,3.4,2229.8,50.71193153489639,-22.2,2283.1111111111113,75.09900872235863,-18.88888888888889,0,-170.0,False,-2.1902153893120584,Relief
2025-07-16,1.0,9.0,0.0,2164.0,11.0,False,False,False,False,2173.0,-11.0,-0.275355667737498,,2204.6,37.24647634340759,-18.0,2258.6666666666665,70.52481832638655,-16.88888888888889,0,-152.0,False,-2.3941045010999242,Relief
2025-07-17,3.0,16.0,2.0,2153.0,17.0,False,False,False,False,2169.0,-15.0,-0.18407731247124248,8.5,2185.6,19.25616784305795,-13.8,2249.7,72.2850068976646,-16.7,0,-167.0,False,-2.509061560267418,Relief
2025-07-18,,,,,,False,False,False,True,,,0.0,,2185.6,19.25616784305795,-13.8,2249.7,72.2850068976646,-16.7,0,-167.0,False,-2.4300608132550483,Relief
2025-07-19,,,,,,False,False,False,True,,,0.0,,2185.6,19.25616784305795,-13.8,2249.7,72.2850068976646,-16.7,0,-167.0,False,-2.3561236480606613,Relief
2025-07-20,,,,,,False,False,False,True,,,0.0,,2177.75,9.142392101269644,-15.75,2238.6666666666665,67.14722630138839,-17.88888888888889,0,-161.0,False,-2.3550844562694913,Relief
2025-07-21,4.0,18.0,7.0,2121.0,16.0,False,False,False,False,2139.0,-9.0,-1.3831258644536604,2.2857142857142856,2165.0,17.813852287850477,-11.75,2216.8888888888887,63.693493475244495,-17.555555555555557,0,-158.0,False,-2.3915177729526365,Relief
2025-07-22,5.0,13.0,3.0,2117.0,16.0,False,False,False,False,2130.0,-13.0,-0.42075736325385416,5.333333333333333,2152.75,21.453437952925498,-12.0,2195.5555555555557,55.74520407844714,-17.666666666666668,0,-159.0,False,-2.4154251840233134,Relief
2025-07-23,6.0,21.0,5.0,2111.0,14.0,False,False,False,False,2132.0,-9.0,0.09389671361501595,2.8,2142.5,18.083141320025792,-11.5,2177.0,43.445367992111414,-15.11111111111111,0,-136.0,False,-2.4170026354766607,Relief
2025-07-24,6.0,18.0,7.0,2096.0,29.0,False,False,False,False,2114.0,-22.0,-0.8442776735459678,4.142857142857143,2128.75,10.563301251661596,-13.25,2160.3333333333335,33.54101966204977,-13.555555555555555,0,-122.0,False,-2.441872408749418,Relief
2025-07-25,,,,,,False,False,False,True,,,0.0,,2128.75,10.563301251661596,-13.25,2160.3333333333335,33.54101966204977,-13.555555555555555,0,-122.0,False,-2.3552414196892015,Relief
2025-07-26,,,,,,False,False,False,True,,,0.0,,2128.75,10.563301251661596,-13.25,2160.3333333333335,33.54101966204977,-13.555555555555555,0,-122.0,False,-2.274777753214218,Relief
2025-07-27,1.0,12.0,2.0,2088.0,4.0,False,False,False,False,2100.0,-2.0,-0.6622516556291425,2.0,2123.0,15.779733838060025,-11.0,2147.3333333333335,31.440419844048364,-13.11111111111111,0,-118.0,False,-2.2424515832222616,Relief
2025-07-28,2.0,9.0,3.0,2080.0,14.0,False,False,False,False,2089.0,-11.0,-0.5238095238095264,4.666666666666667,2113.0,18.68154169226985,-11.4,2136.1111111111113,32.32044416590155,-11.555555555555555,0,-104.0,False,-2.2408741998119845,Relief
2025-07-29,2.0,8.0,3.0,2072.0,12.0,False,False,False,False,2080.0,-9.0,-0.43082814743896636,4.0,2103.0,20.591260281974403,-10.6,2125.1111111111113,32.74310784090566,-11.222222222222221,0,-101.0,False,-2.235897479978765,Relief
2025-07-30,4.0,15.0,4.0,2063.0,16.0,False,False,False,False,2078.0,-12.0,-0.09615384615384581,4.0,2092.2,14.973309587396361,-11.2,2114.5555555555557,30.61907539015284,-11.333333333333334,0,-102.0,False,-2.232859865819934,Relief
2025-07-31,2.0,9.0,6.0,2058.0,15.0,False,False,False,False,2067.0,-9.0,-0.5293551491819093,2.5,2082.8,12.397580409096586,-8.6,2103.222222222222,26.555497442423338,-10.666666666666666,0,-96.0,False,-2.2182737037018176,Relief
2025-08-01,,,,,,False,False,False,True,,,0.0,,2082.8,12.397580409096586,-8.6,2103.222222222222,26.555497442423338,-10.666666666666666,0,-96.0,False,-2.142872438365169,Relief
2025-08-02,,,,,,False,False,False,True,,,0.0,,2082.8,12.397580409096586,-8.6,2103.222222222222,26.555497442423338,-10.666666666666666,0,-96.0,False,-2.072544672794757,Relief
2025-08-03,5.0,26.0,3.0,2049.0,5.0,False,False,False,False,2075.0,-2.0,0.38703434929849845,1.6666666666666667,2077.8,7.981227975695005,-8.6,2100.4,26.57985870659064,-9.8,0,-98.0,False,-2.0369143851220515,Relief
2025-08-04,5.0,22.0,11.0,2040.0,14.0,False,False,False,False,2062.0,-3.0,-0.6265060240963849,1.2727272727272727,2072.4,7.635443667529577,-7.0,2092.7,25.27647127218204,-9.2,0,-92.0,False,-2.0044518312170334,Relief
2025-08-05,2.0,21.0,10.0,2042.0,14.0,False,False,False,False,2063.0,-4.0,0.04849660523762456,1.4,2069.0,7.176350047204897,-6.0,2086.0,23.074757732593884,-8.3,0,-83.0,False,-1.961263952789462,Relief
2025-08-06,4.0,17.0,3.0,2036.0,13.0,False,False,False,False,2053.0,-10.0,-0.4847309743092554,4.333333333333333,2064.0,8.000000000001108,-5.6,2078.1,18.681244307121617,-8.4,0,-84.0,False,-1.9289562355400576,Relief
2025-08-07,4.0,18.0,6.0,2031.0,17.0,False,False,False,False,2049.0,-11.0,-0.1948368241597609,2.8333333333333335,2060.4,10.089598604504445,-6.0,2071.6,15.903877932970552,-7.3,0,-73.0,False,-1.8902107370033912,Relief
2025-08-08,,,,,,False,False,False,True,,,0.0,,2060.4,10.089598604504445,-6.0,2071.6,15.903877932970552,-7.3,0,-73.0,False,-1.8335591445485875,Relief
2025-08-09,,,,,,False,False,False,True,,,0.0,,2060.4,10.089598604504445,-6.0,2071.6,15.903877932970552,-7.3,0,-73.0,False,-1.7799251696227785,Relief
2025-08-10,0.0,18.0,8.0,2006.0,12.0,False,False,False,False,2024.0,-4.0,-1.2201073694485087,1.5,2050.2,15.801898620103122,-6.4,2064.0,18.73202842359582,-7.5,0,-75.0,False,-1.7836339268215804,Relief
2025-08-11,6.0,23.0,4.0,1999.0,16.0,False,False,False,False,2022.0,-12.0,-0.09881422924901129,4.0,2042.2,18.267457403810017,-8.2,2057.3,20.67768523409211,-7.6,0,-76.0,False,-1.7739580503587964,Relief
2025-08-12,8.0,38.0,9.0,1999.0,9.0,False,False,False,False,2037.0,0.0,0.7418397626112849,1.0,2037.0,14.08900280360576,-7.4,2053.0,19.88857851956958,-6.7,0,-67.0,False,-1.7491427755367945,Relief
2025-08-13,6.0,22.0,12.0,1997.0,17.0,False,False,False,False,2019.0,-5.0,-0.8836524300441795,1.4166666666666667,2030.2,12.557866060760787,-6.4,2047.1,20.393081614883805,-6.0,0,-60.0,False,-1.7331623121153634,Relief
2025-08-14,3.0,27.0,4.0,1994.0,11.0,False,False,False,False,2021.0,-7.0,0.0990589400693409,2.75,2024.6,7.162401831788357,-5.6,2042.5,20.59260924528735,-5.8,0,-58.0,False,-1.7114856878643574,Relief
2025-08-15,,,,,,False,False,False,True,,,0.0,,2024.6,7.162401831788357,-5.6,2042.5,20.59260924528735,-5.8,0,-58.0,False,-1.6628720157462975,Relief
2025-08-16,,,,,,False,False,False,True,,,0.0,,2024.6,7.162401831788357,-5.6,2042.5,20.59260924528735,-5.8,0,-58.0,False,-1.6167014932121,Relief
2025-08-17,4.0,14.0,2.0,1991.0,3.0,False,False,False,False,2005.0,-1.0,-0.7916872835230127,1.5,2020.8,11.366617790706478,-5.0,2035.5,20.211382930753285,-5.7,0,-57.0,False,-1.5911767232808895,Relief
2025-08-18,4.0,20.0,6.0,1985.0,14.0,False,False,False,False,2005.0,-8.0,0.0,2.3333333333333335,2017.4,13.29661611087593,-4.2,2029.8,19.943252826629976,-6.2,0,-62.0,False,-1.5647697097327395,Relief
2025-08-19,5.0,35.0,3.0,1980.0,11.0,False,False,False,False,2015.0,-8.0,0.4987531172069737,3.6666666666666665,2013.0,7.615773105864297,-5.8,2025.0,16.552945356448063,-6.6,0,-66.0,False,-1.5442945135170842,Relief
2025-08-20,10.0,38.0,10.0,1983.0,10.0,False,False,False,False,2021.0,0.0,0.29776674937964653,1.0,2013.4,8.049844718999596,-4.8,2021.8,13.314987377479843,-5.6,0,-56.0,False,-1.502310797557777,Relief
2025-08-21,6.0,49.0,8.0,1972.0,21.0,False,False,False,False,2021.0,-13.0,0.0,2.625,2013.4,8.049844718999596,-6.0,2019.0,9.297550452565762,-5.8,0,-58.0,False,-1.4641186652924565,Relief
2025-08-22,,,,,,False,False,False,True,,,0.0,,2013.4,8.049844718999596,-6.0,2019.0,9.297550452565762,-5.8,0,-58.0,False,-1.42759420141825,Relief
2025-08-23,,,,,,False,False,False,True,,,0.0,,2013.4,8.049844718999596,-6.0,2019.0,9.297550452565762,-5.8,0,-58.0,False,-1.3927777256220364,Relief
2025-08-24,4.0,21.0,5.0,1981.0,5.0,False,False,False,False,2002.0,0.0,-0.9401286491835692,1.0,2012.8,8.899438184515093,-5.8,2016.8,10.50714042799296,-5.4,0,-54.0,False,-1.362358276142319,Relief
2025-08-25,8.0,30.0,8.0,1980.0,11.0,False,False,False,False,2010.0,-3.0,0.3996003996004083,1.375,2013.8,8.043631020876415,-4.8,2015.6,10.532489416415237,-4.5,0,-45.0,False,-1.3258560357614748,Relief
2025-08-26,10.0,21.0,20.0,1989.0,15.0,False,False,False,False,2010.0,5.0,0.0,0.75,2012.8,8.16700679563849,-2.2,2012.9,7.445356492935879,-4.0,2,-40.0,False,-1.2999262913856282,Relief
2025-08-27,5.0,19.0,9.0,1988.0,19.0,False,False,False,False,2007.0,-10.0,-0.14925373134327957,2.111111111111111,2010.0,6.964194138592432,-4.2,2011.7,7.318925238054919,-4.5,0,-45.0,False,-1.283474638444134,Relief
2025-08-28,8.0,33.0,6.0,1984.0,17.0,False,False,False,False,2017.0,-11.0,0.49825610363727346,2.8333333333333335,2009.2,5.449770637375951,-3.8,2011.3,6.848357465375992,-4.9,0,-49.0,False,-1.2585326872730205,Relief
2025-08-29,,,,,,False,False,False,True,,,0.0,,2009.2,5.449770637375951,-3.8,2011.3,6.848357465375992,-4.9,0,-49.0,False,-1.2308207655556165,Relief
2025-08-30,,,,,,False,False,False,True,,,0.0,,2009.2,5.449770637375951,-3.8,2011.3,6.848357465375992,-4.9,0,-49.0,False,-1.2041544495096277,Relief
2025-08-31,,,,,,False,False,False,True,,,0.0,,2011.0,4.242640687120067,-4.75,2012.0,6.8738635402709845,-5.333333333333333,0,-48.0,False,-1.1700792558253155,Relief
2025-09-01,10.0,29.0,17.0,2010.0,5.0,False,False,False,False,2039.0,12.0,1.0907288051561714,0.29411764705882354,2018.25,14.45394986384946,-1.0,2015.7777777777778,10.779352689967398,-3.111111111111111,2,-28.0,False,-1.1119489502449285,Relief
2025-09-02,6.0,35.0,9.0,2020.0,9.0,False,False,False,False,2055.0,0.0,0.7846983815595898,1.0,2029.5,21.62560211107829,-2.25,2020.2222222222222,16.917282418128018,-2.2222222222222223,0,-20.0,False,-1.0364995924246447,Relief
2025-09-03,4.0,29.0,11.0,2019.0,10.0,False,False,False,False,2048.0,1.0,-0.3406326034063212,0.9090909090909091,2039.75,16.52018966799939,0.5,2023.2222222222222,19.29881976740289,-2.111111111111111,2,-19.0,False,-0.9668859013584005,Normal
2025-09-04,11.0,40.0,2.0,2015.0,14.0,False,False,False,False,2055.0,-12.0,0.341796875,7.0,2049.25,7.588368291888656,0.25,2027.0,21.95449839942267,-2.0,0,-18.0,False,-0.9016971676433129,Normal
2025-09-05,,,,,,False,False,False,True,,,0.0,,2049.25,7.588368291888656,0.25,2027.0,21.95449839942267,-2.0,0,-18.0,False,-0.8822967236647321,Normal
2025-09-06,,,,,,False,False,False,True,,,0.0,,2049.25,7.588368291888656,0.25,2027.0,21.95449839942267,-2.0,0,-18.0,False,-0.8631615012323895,Normal
2025-09-07,4.0,19.0,9.0,2026.0,7.0,False,False,False,False,2045.0,2.0,-0.48661800486617945,0.7777777777777778,2048.4,6.841052550595264,0.6,2031.7777777777778,20.462024445657672,-1.7777777777777777,2,-16.0,False,-0.848481028645912,Normal
2025-09-08,7.0,25.0,5.0,2025.0,6.0,False,False,False,False,2050.0,-1.0,0.24449877750611915,1.2,2050.6,4.393176527298406,-2.0,2036.2222222222222,19.46007308348784,-1.5555555555555556,0,-14.0,False,-0.8192151222275595,Normal
2025-09-09,18.0,42.0,11.0,2023.0,14.0,False,False,False,False,2065.0,-3.0,0.7317073170731714,1.2727272727272727,2052.6,7.829431652425731,-2.6,2042.3333333333333,18.82153022392807,-2.4444444444444446,0,-22.0,False,-0.7912149384754162,Normal
2025-09-10,10.0,47.0,14.0,2025.0,18.0,False,False,False,False,2072.0,-4.0,0.3389830508474523,1.2857142857142858,2057.4,11.013627921806947,-3.6,2049.5555555555557,15.796448263708166,-1.7777777777777777,0,-16.0,False,-0.7494409595685566,Normal
2025-09-11,12.0,38.0,29.0,2047.0,6.0,False,False,False,False,2085.0,23.0,0.6274131274131234,0.20689655172413793,2063.4,16.28803241647084,3.4,2057.1111111111113,14.486583830611526,2.0,2,18.0,True,-0.701602364812077,Normal
2025-09-12,,,,,,False,False,False,True,,,0.0,,2063.4,16.28803241647084,3.4,2057.1111111111113,14.486583830611526,2.0,0,18.0,True,-0.6845087748252142,Normal
2025-09-13,,,,,,False,False,False,True,,,0.0,,2063.4,16.28803241647084,3.4,2057.1111111111113,14.486583830611526,2.0,0,18.0,True,-0.6676478864696573,Normal
2025-09-14,7.0,39.0,13.0,2083.0,5.0,False,False,False,False,2122.0,8.0,1.7745803357314127,0.38461538461538464,2078.8,27.252522818997914,4.6,2063.6,24.64954360578566,2.6,2,26.0,True,-0.5687344060561538,Normal
2025-09-15,9.0,47.0,10.0,2086.0,10.0,False,False,False,False,2133.0,0.0,0.5183788878416529,1.0,2095.4,30.418744221285653,4.8,2073.0,31.262330900092074,1.4,0,14.0,True,-0.4612305912363749,Normal
2025-09-16,7.0,28.0,17.0,2095.0,12.0,False,False,False,False,2123.0,5.0,-0.46882325363337696,0.7058823529411765,2107.0,26.767517628648317,6.4,2079.8,34.172113386602916,1.9,2,19.0,True,-0.3786373048378227,Normal
2025-09-17,7.0,38.0,5.0,2096.0,13.0,False,False,False,False,2134.0,-8.0,0.5181347150259086,2.6,2119.4,20.00749859427705,5.6,2088.4,36.04996532555213,1.0,0,10.0,True,-0.28898997258598874,Normal
2025-09-18,20.0,52.0,11.0,2096.0,14.0,False,False,False,False,2148.0,-3.0,0.6560449859418949,1.2727272727272727,2132.0,10.51189802081418,0.4,2097.7,38.395746291833426,1.9,0,19.0,True,-0.19487305062892188,Normal
2025-09-19,,,,,,False,False,False,True,,,0.0,,2132.0,10.51189802081418,0.4,2097.7,38.395746291833426,1.9,0,19.0,True,-0.1730714096649757,Normal
2025-09-20,,,,,,False,False,False,True,,,0.0,,2132.0,10.51189802081418,0.4,2097.7,38.395746291833426,1.9,0,19.0,True,-0.150428711956666,Normal
2025-09-21,8.0,35.0,13.0,2134.0,5.0,False,False,False,False,2169.0,8.0,0.9776536312849249,0.38461538461538464,2141.4,17.81291666179338,0.4,2110.1,39.49247466960079,2.5,2,25.0,True,-0.06624126689059356,Normal
2025-09-22,17.0,40.0,14.0,2141.0,10.0,False,False,False,False,2181.0,4.0,0.5532503457814641,0.7142857142857143,2151.0,24.010414407085857,1.2,2123.2,39.0663253679084,3.0,3,30.0,True,0.023484247951551115,Normal
2025-09-23,11.0,36.0,10.0,2145.0,15.0,False,False,False,False,2181.0,-5.0,0.0,1.5,2162.6,20.911719202399322,-0.8,2134.8,37.033918386860186,2.8,0,28.0,True,0.1320452229221532,Normal
2025-09-24,3.0,38.0,12.0,2138.0,17.0,False,False,False,False,2176.0,-5.0,-0.22925263640531934,1.4166666666666667,2171.0,13.765899897936109,-0.2,2145.2,31.650171141825606,2.7,0,27.0,True,0.2235392119581341,Normal
2025-09-25,6.0,35.0,12.0,2132.0,18.0,False,False,False,False,2167.0,-6.0,-0.4136029411764719,1.5,2174.8,6.572670690061826,-0.8,2153.4,24.024062011430882,-0.2,0,-2.0,False,0.287623298428137,Normal
2025-09-26,,,,,,False,False,False,True,,,0.0,,2174.8,6.572670690061826,-0.8,2153.4,24.024062011430882,-0.2,0,-2.0,False,0.32804700919192,Normal
2025-09-27,,,,,,False,False,False,True,,,0.0,,2174.8,6.572670690061826,-0.8,2153.4,24.024062011430882,-0.2,0,-2.0,False,0.36975493346059646,Normal
2025-09-28,11.0,29.0,12.0,2146.0,9.0,False,False,False,False,2175.0,3.0,0.369173973234882,0.75,2176.0,5.744562646537808,-1.8,2158.7,22.09600265448158,-0.7,2,-7.0,False,0.42311810528501925,Normal
2025-09-29,8.0,35.0,12.0,2148.0,13.0,False,False,False,False,2183.0,-1.0,0.36781609195402076,1.0833333333333333,2176.4,6.228964600958757,-2.8,2163.7,21.276225646277215,-0.8,0,-8.0,False,0.47058210766555036,Normal
2025-09-30,8.0,32.0,12.0,2159.0,7.0,False,False,False,False,2191.0,5.0,0.3664681630783262,0.5833333333333334,2178.4,9.044335243675848,-0.8,2170.5,17.322111751431557,-0.8,2,-8.0,False,0.5335487295586098,Normal
2025-10-01,4.0,33.0,12.0,2163.0,14.0,False,False,False,False,2196.0,-2.0,0.22820629849384932,1.1666666666666667,2182.4,11.738824472663206,-0.2,2176.7,13.47466758922806,-0.2,0,-2.0,False,0.6196732026500876,Normal
2025-10-02,20.0,51.0,15.0,2164.0,16.0,False,False,False,False,2215.0,-1.0,0.8652094717668479,1.0666666666666667,2192.0,15.132745950421429,0.8,2183.4,14.253264732301824,0.0,0,0.0,False,0.7702399865121652,Normal
2025-10-03,,,,,,False,False,False,True,,,0.0,,2192.0,15.132745950421429,0.8,2183.4,14.253264732301824,0.0,0,0.0,False,0.8363521852384151,Normal
2025-10-04,,,,,,False,False,False,True,,,0.0,,2192.0,15.132745950421429,0.8,2183.4,14.253264732301824,0.0,0,0.0,False,0.9030102667104274,Normal
2025-10-05,8.0,28.0,13.0,2180.0,16.0,False,False,False,False,2208.0,-3.0,-0.31602708803611934,1.2307692307692308,2198.6,12.89573572930201,-0.4,2187.3,15.180762679426827,-1.1,0,-11.0,False,1.0425077304297747,Stress
2025-10-06,5.0,33.0,15.0,2187.0,10.0,False,False,False,False,2220.0,5.0,0.5434782608695565,0.6666666666666666,2206.0,12.308533625091044,0.8,2191.2,18.109543217019,-1.0,2,-10.0,False,1.1924577763009192,Stress
2025-10-07,11.0,45.0,4.0,2189.0,10.0,False,False,False,False,2234.0,-6.0,0.6306306306306242,2.5,2214.6,14.099645385611563,-1.4,2196.5,22.10706272202957,-1.1,0,-11.0,False,1.3528869830796306,Stress
2025-10-08,8.0,49.0,15.0,2192.0,17.0,False,False,False,False,2241.0,-2.0,0.3133393017009878,1.1333333333333333,2223.6,13.612494260788448,-1.4,2203.0,24.801433649784123,-0.8,0,-8.0,False,1.5173661489012202,Stress
2025-10-09,11.0,55.0,13.0,2192.0,12.0,False,False,False,False,2247.0,1.0,0.2677376171352108,0.9230769230769231,2230.0,15.890248582070662,-1.0,2211.0,24.801433649784276,-0.1,2,-1.0,False,1.6547264442523018,Stress
2025-10-10,,,,,,False,False,False,True,,,0.0,,2230.0,15.890248582070662,-1.0,2211.0,24.801433649784276,-0.1,0,-1.0,False,1.7146792773444015,Stress
2025-10-11,,,,,,False,False,False,True,,,0.0,,2230.0,15.890248582070662,-1.0,2211.0,24.801433649784276,-0.1,0,-1.0,False,1.755945087901876,Stress
2025-10-12,,,,,,False,False,False,True,,,0.0,,2235.5,11.618950038622176,-0.5,2215.0,22.62741699731186,-0.4444444444444444,0,-4.0,False,1.8484693251561715,Stress
2025-10-13,8.0,24.0,7.0,2223.0,6.0,False,False,False,False,2247.0,1.0,0.0,0.8571428571428571,2242.25,6.184658438426433,-1.5,2222.1111111111113,21.333333332635924,-0.2222222222222222,2,-2.0,False,1.9333976816344693,Stress
2025-10-14,7.0,30.0,16.0,2235.0,8.0,False,False,False,False,2265.0,8.0,0.8010680907877266,0.5,2250.0,10.392304845413229,2.0,2230.3333333333335,22.090722033701166,0.1111111111111111,3,1.0,True,2.0094252699755044,Stress
2025-10-15,8.0,29.0,10.0,2225.0,15.0,False,False,False,False,2254.0,-5.0,-0.4856512141280356,1.5,2253.25,8.499999999999957,1.25,2236.777777777778,19.077328020839293,-0.2222222222222222,0,-2.0,False,2.01071274846923,Stress
2025-10-16,9.0,33.0,15.0,2233.0,9.0,False,False,False,False,2266.0,6.0,0.5323868677906018,0.6,2258.0,9.12870929175269,2.5,2242.4444444444443,19.372087593959485,0.5555555555555556,2,5.0,True,2.028977983337032,Stress
2025-10-17,,,,,,False,False,False,True,,,0.0,,2258.0,9.12870929175269,2.5,2242.4444444444443,19.372087593959485,0.5555555555555556,0,5.0,True,1.9855827323812132,Stress
2025-10-18,,,,,,False,False,False,True,,,0.0,,2258.0,9.12870929175269,2.5,2242.4444444444443,19.372087593959485,0.5555555555555556,0,5.0,True,1.9410425607217905,Stress
2025-10-19,9.0,34.0,17.0,2237.0,7.0,False,False,False,False,2271.0,10.0,0.22065313327448433,0.4117647058823529,2260.6,9.813256340277636,4.0,2249.4444444444443,16.54623152708938,2.0,2,18.0,True,1.9251699974466145,Stress
2025-10-20,10.0,39.0,6.0,2243.0,7.0,False,False,False,False,2282.0,-1.0,0.484368119771017,1.1666666666666667,2267.6,10.16366075781753,3.6,2256.3333333333335,15.6364957701614,1.3333333333333333,0,12.0,True,1.9568038625400215,Stress
2025-10-21,13.0,39.0,17.0,2251.0,9.0,False,False,False,False,2290.0,8.0,0.35056967572304476,0.5294117647058824,2272.6,13.992855319769463,3.6,2262.5555555555557,16.741498670909312,2.888888888888889,2,26.0,True,1.9584321532402376,Stress
2025-10-22,12.0,42.0,13.0,2261.0,12.0,False,False,False,False,2303.0,1.0,0.5676855895196509,0.9230769230769231,2282.4,14.842506526864003,4.8,2269.4444444444443,19.320397970747525,3.2222222222222223,3,29.0,True,2.0088916352840354,Stress
2025-10-23,4.0,27.0,26.0,2266.0,18.0,False,False,False,False,2293.0,8.0,-0.43421623968736833,0.6923076923076923,2287.8,12.02913130695645,5.2,2274.5555555555557,18.715709384046068,4.0,4,36.0,True,2.004747171142831,Stress
2025-10-24,,,,,,False,False,False,True,,,0.0,,2287.8,12.02913130695645,5.2,2274.5555555555557,18.715709384046068,4.0,0,36.0,True,1.9417652773419143,Stress
2025-10-25,,,,,,False,False,False,True,,,0.0,,2287.8,12.02913130695645,5.2,2274.5555555555557,18.715709384046068,4.0,0,36.0,True,1.8821565798481632,Stress
2025-10-26,4.0,35.0,12.0,2276.0,10.0,False,False,False,False,2311.0,2.0,0.7849978194504947,0.8333333333333334,2295.8,11.344602240713332,3.6,2278.2,21.075525562874414,3.8,2,38.0,True,1.9073639779452711,Stress
2025-10-27,2.0,31.0,8.0,2282.0,11.0,False,False,False,False,2313.0,-3.0,0.08654262224145892,1.375,2302.0,10.344080432788463,3.2,2284.8,20.5469651713185,3.4,0,34.0,True,1.9099511942191782,Stress
2025-10-28,6.0,22.0,11.0,2286.0,6.0,False,False,False,False,2308.0,5.0,-0.2161694768698652,0.5454545454545454,2305.6,7.98749021908617,2.6,2289.1,20.442059038936844,3.1,2,31.0,True,1.8847748922085477,Stress
2025-10-29,6.0,25.0,4.0,2280.0,17.0,False,False,False,False,2305.0,-13.0,-0.12998266897746857,4.25,2306.0,7.87400787401164,-0.2,2294.2,16.738511814118496,2.3,0,23.0,True,1.8293238386073096,Stress
2025-10-30,3.0,17.0,14.0,2287.0,12.0,False,False,False,False,2304.0,2.0,-0.04338394793925726,0.8571428571428571,2308.2,3.8340579025357795,-1.4,2298.0,13.654466097876298,1.9,2,19.0,True,1.7945074383402284,Stress
2025-10-31,,,,,,False,False,False,True,,,0.0,,2308.2,3.8340579025357795,-1.4,2298.0,13.654466097876298,1.9,0,19.0,True,1.7408196622844618,Stress
2025-11-01,,,,,,False,False,False,True,,,0.0,,2308.2,3.8340579025357795,-1.4,2298.0,13.654466097876298,1.9,0,19.0,True,1.6902163699979678,Stress
2025-11-02,5.0,21.0,10.0,2277.0,7.0,False,False,False,False,2298.0,3.0,-0.26041666666666297,0.7,2305.6,5.504543577808853,-1.2,2300.7,9.866328821707489,1.2,2,12.0,True,1.6185590637810254,Stress
2025-11-03,3.0,28.0,5.0,2269.0,12.0,False,False,False,False,2297.0,-7.0,-0.04351610095735259,2.4,2302.4,4.722287581246681,-2.0,2302.2,7.583608051892151,0.6,0,6.0,True,1.5454220174008766,Stress
2025-11-04,6.0,33.0,6.0,2270.0,8.0,False,False,False,False,2303.0,-2.0,0.2612102742707956,1.3333333333333333,2301.4,3.6469165057616473,-3.4,2303.5,6.258327783064716,-0.4,0,-4.0,False,1.4959604762327539,Stress
2025-11-05,8.0,41.0,8.0,2272.0,7.0,False,False,False,False,2313.0,1.0,0.43421623968735723,0.875,2303.0,6.36396103067868,-0.6,2304.5,6.932211445791991,-0.4,2,-4.0,False,1.4721540405708773,Stress
2025-11-06,6.0,33.0,9.0,2264.0,19.0,False,False,False,False,2297.0,-10.0,-0.6917423259835687,2.111111111111111,2301.6,6.841052550594588,-3.0,2304.9,6.279596587914521,-2.2,0,-22.0,False,1.4226163301783732,Stress
2025-11-07,,,,,,False,False,False,True,,,0.0,,2301.6,6.841052550594588,-3.0,2304.9,6.279596587914521,-2.2,0,-22.0,False,1.387596603689679,Stress
2025-11-08,,,,,,False,False,False,True,,,0.0,,2301.6,6.841052550594588,-3.0,2304.9,6.279596587914521,-2.2,0,-22.0,False,1.3541894263303162,Stress
2025-11-09,11.0,33.0,5.0,2294.0,4.0,False,False,False,False,2327.0,1.0,1.3060513713539335,0.8,2307.4,12.759310326189118,-3.4,2306.5,9.312476695049405,-2.3,2,-23.0,False,1.3731266502325077,Stress
2025-11-10,,,,,,False,False,False,True,,,0.0,,2310.0,13.114877048603796,-2.5,2305.777777777778,9.575721613265591,-2.2222222222222223,0,-20.0,False,1.363593714872609,Stress
2025-11-11,11.0,39.0,12.0,2294.0,14.0,False,False,False,False,2333.0,-2.0,0.25784271594326835,1.1666666666666667,2317.5,16.031219541881192,-2.5,2308.5555555555557,13.2298064138557,-3.0,0,-27.0,False,1.397382850044157,Stress
2025-11-12,14.0,48.0,20.0,2302.0,7.0,False,False,False,False,2350.0,13.0,0.7286755250750065,0.35,2326.75,22.096379793984205,0.5,2313.5555555555557,18.97439795482591,-0.1111111111111111,2,-1.0,False,1.4454251634330626,Stress
2025-11-13,6.0,26.0,16.0,2317.0,5.0,False,False,False,False,2343.0,11.0,-0.29787234042553123,0.3125,2338.25,10.2428837085394,5.75,2317.8888888888887,20.877286966496346,0.8888888888888888,3,8.0,True,1.510905288374157,Stress
2025-11-14,,,,,,False,False,False,True,,,0.0,,2338.25,10.2428837085394,5.75,2317.8888888888887,20.877286966496346,0.8888888888888888,0,8.0,True,1.4753037509227145,Stress
2025-11-15,,,,,,False,False,False,True,,,0.0,,2338.25,10.2428837085394,5.75,2317.8888888888887,20.877286966496346,0.8888888888888888,0,8.0,True,1.4416870564034812,Stress
2025-11-16,5.0,22.0,3.0,2340.0,5.0,False,False,False,False,2362.0,-2.0,0.8109261630388387,1.6666666666666667,2347.0,12.192894105447724,5.0,2325.0,23.932195886928714,0.3333333333333333,0,3.0,True,1.4847300155381593,Stress
2025-11-17,1.0,35.0,6.0,2343.0,8.0,False,False,False,False,2378.0,-2.0,0.6773920406435208,1.3333333333333333,2353.2,17.426990560621697,3.6,2334.0,27.106272336312266,0.8888888888888888,0,8.0,True,1.505276910716231,Stress
2025-11-18,2.0,38.0,8.0,2345.0,12.0,False,False,False,False,2383.0,-4.0,0.2102607232968845,1.5,2363.2,17.28293956478469,3.2,2342.8888888888887,28.737799343050607,0.6666666666666666,0,6.0,True,1.5577759945538503,Stress
2025-11-19,7.0,32.0,3.0,2340.0,10.0,False,False,False,False,2372.0,-7.0,-0.46160302140159093,3.3333333333333335,2367.6,15.820872289478887,-0.8,2349.4444444444443,27.780888714152173,-0.2222222222222222,0,-2.0,False,1.561106301372385,Stress
2025-11-20,18.0,57.0,8.0,2340.0,9.0,False,False,False,False,2397.0,-1.0,1.0539629005059004,1.125,2378.4,13.01153334545937,-3.2,2360.5555555555557,23.911875245327536,0.7777777777777778,0,7.0,True,1.619128532034286,Stress
2025-11-21,,,,,,False,False,False,True,,,0.0,,2378.4,13.01153334545937,-3.2,2360.5555555555557,23.911875245327536,0.7777777777777778,0,7.0,True,1.5838724554336292,Stress
2025-11-22,,,,,,False,False,False,True,,,0.0,,2378.4,13.01153334545937,-3.2,2360.5555555555557,23.911875245327536,0.7777777777777778,0,7.0,True,1.5507016144685761,Stress
2025-11-23,3.0,46.0,22.0,2375.0,1.0,False,False,False,False,2421.0,21.0,1.001251564455563,0.045454545454545456,2390.2,19.53714411064223,1.4,2371.0,27.658633371342294,3.0,2,27.0,True,1.619748154570478,Stress
2025-11-24,9.0,40.0,9.0,2371.0,13.0,False,False,False,False,2411.0,-4.0,-0.41305245766212195,1.4444444444444444,2396.8,19.954949260772434,1.0,2375.0,28.982753491923887,2.3,0,23.0,True,1.6429391023861668,Stress
2025-11-25,6.0,47.0,14.0,2375.0,11.0,False,False,False,False,2422.0,3.0,0.45624222314393226,0.7857142857142857,2404.6,20.81585933849482,2.4,2383.9,28.309597900835023,2.8,2,28.0,True,1.6769582687170133,Stress
2025-11-26,,,,,,False,False,False,True,,,0.0,,2412.75,11.615363389350787,4.75,2387.6666666666665,27.239676943207996,1.6666666666666667,0,15.0,True,1.713925010020836,Stress
2025-11-27,4.0,24.0,8.0,2389.0,7.0,False,False,False,False,2413.0,1.0,-0.37159372419488523,0.875,2416.75,5.56027577253778,5.25,2395.4444444444443,22.467260129978655,0.5555555555555556,2,5.0,True,1.7152452202292436,Stress
2025-11-28,,,,,,False,False,False,True,,,0.0,,2416.75,5.56027577253778,5.25,2395.4444444444443,22.467260129978655,0.5555555555555556,0,5.0,True,1.6835212147700362,Stress
2025-11-29,,,,,,False,False,False,True,,,0.0,,2416.75,5.56027577253778,5.25,2395.4444444444443,22.467260129978655,0.5555555555555556,0,5.0,True,1.65387946446582,Stress
2025-11-30,4.0,18.0,10.0,2415.0,0.0,False,False,False,False,2433.0,10.0,0.8288437629506928,0.0,2419.75,10.045728777279932,2.5,2403.3333333333335,21.708293345409853,1.8888888888888888,2,17.0,True,1.6511541013391295,Stress
2025-12-01,4.0,26.0,4.0,2410.0,9.0,False,False,False,False,2436.0,-5.0,0.12330456226881115,2.25,2426.0,10.55146119422982,2.25,2409.777777777778,21.85622209840534,1.5555555555555556,0,14.0,True,1.6759120161617849,Stress
2025-12-02,7.0,34.0,6.0,2407.0,8.0,False,False,False,False,2441.0,-2.0,0.20525451559934016,1.3333333333333333,2430.75,12.284814474247073,1.0,2416.222222222222,21.52195261622036,1.7777777777777777,0,16.0,True,1.6856537234981188,Stress
2025-12-03,4.0,32.0,8.0,2419.0,7.0,False,False,False,False,2451.0,1.0,0.4096681687832948,0.875,2434.8,13.971399357258452,1.0,2425.0,16.830032678827667,2.6666666666666665,2,24.0,True,1.6879838947759198,Stress
2025-12-04,16.0,39.0,7.0,2418.0,13.0,False,False,False,False,2457.0,-6.0,0.244798041615657,1.8571428571428572,2443.6,10.13903348450931,-0.4,2431.6666666666665,16.224980738676365,2.111111111111111,0,19.0,True,1.733338448491296,Stress
2025-12-05,,,,,,False,False,False,True,,,0.0,,2443.6,10.13903348450931,-0.4,2431.6666666666665,16.224980738676365,2.111111111111111,0,19.0,True,1.7003382168649384,Stress
2025-12-06,,,,,,False,False,False,True,,,0.0,,2443.6,10.13903348450931,-0.4,2431.6666666666665,16.224980738676365,2.111111111111111,0,19.0,True,1.670103793436274,Stress
2025-12-07,4.0,24.0,13.0,2429.0,12.0,False,False,False,False,2453.0,1.0,-0.16280016280015852,0.9230769230769231,2447.6,8.76356092008274,-2.2,2435.222222222222,17.079064506432136,-0.1111111111111111,2,-1.0,False,1.6778256832836664,Stress
2025-12-08,9.0,27.0,9.0,2440.0,4.0,False,False,False,False,2467.0,5.0,0.570729718711771,0.4444444444444444,2453.8,9.44457516249413,-0.2,2441.4444444444443,17.35015209582371,0.8888888888888888,3,8.0,True,1.706465351272888,Stress
2025-12-09,4.0,30.0,7.0,2443.0,8.0,False,False,False,False,2473.0,-1.0,0.2432103769760774,1.1428571428571428,2460.2,9.44457516249413,0.0,2447.1111111111113,18.49624586454126,0.4444444444444444,0,4.0,True,1.7365943160847457,Stress
2025-12-10,10.0,54.0,5.0,2439.0,9.0,False,False,False,False,2493.0,-4.0,0.8087343307723316,1.8,2468.6,15.773395322504355,-1.0,2451.7,22.686510920622332,0.0,0,0.0,False,1.7842090211270083,Stress
2025-12-11,7.0,47.0,9.0,2437.0,10.0,False,False,False,False,2484.0,-1.0,-0.3610108303249149,1.1111111111111112,2474.0,15.427248620541596,0.0,2458.8,20.20341005255123,-0.2,0,-2.0,False,1.8045164696080858,Stress
2025-12-12,,,,,,False,False,False,True,,,0.0,,2474.0,15.427248620541596,0.0,2458.8,20.20341005255123,-0.2,0,-2.0,False,1.7762568747592116,Stress
2025-12-13,,,,,,False,False,False,True,,,0.0,,2474.0,15.427248620541596,0.0,2458.8,20.20341005255123,-0.2,0,-2.0,False,1.746300760883361,Stress
2025-12-14,8.0,35.0,4.0,2462.0,8.0,False,False,False,False,2497.0,-4.0,0.523349436392917,2.0,2482.8,12.774975538137118,-1.0,2465.2,21.23309785260275,-1.6,0,-16.0,False,1.7971679135416239,Stress
2025-12-15,11.0,42.0,9.0,2470.0,7.0,False,False,False,False,2512.0,2.0,0.6007208650380402,0.7777777777777778,2491.8,14.584238067173743,-1.6,2472.8,23.136311046981064,-0.9,2,-9.0,False,1.8459847208159545,Stress
2025-12-16,8.0,54.0,15.0,2468.0,9.0,False,False,False,False,2522.0,6.0,0.398089171974525,0.6,2501.6,15.24139101263396,-0.2,2480.9,24.879487311089655,-0.1,3,-1.0,False,1.8976706341751026,Stress
2025-12-17,7.0,31.0,11.0,2481.0,10.0,False,False,False,False,2512.0,1.0,-0.3965107057890549,0.9090909090909091,2505.4,14.926486525636209,0.8,2487.0,24.202846480353745,-0.1,4,-1.0,False,1.8882166489082157,Stress
2025-12-18,11.0,50.0,6.0,2472.0,16.0,False,False,False,False,2522.0,-10.0,0.398089171974525,2.6666666666666665,2513.0,10.246950765959534,-1.0,2493.5,23.977999174623655,-0.5,0,-5.0,False,1.915358359585717,Stress
2025-12-19,,,,,,False,False,False,True,,,0.0,,2513.0,10.246950765959534,-1.0,2493.5,23.977999174623655,-0.5,0,-5.0,False,1.8714804467285806,Stress
2025-12-20,,,,,,False,False,False,True,,,0.0,,2513.0,10.246950765959534,-1.0,2493.5,23.977999174623655,-0.5,0,-5.0,False,1.8284229276420392,Stress
2025-12-21,6.0,18.0,11.0,2484.0,14.0,False,False,False,False,2502.0,-3.0,-0.7930214115781098,1.2727272727272727,2514.0,8.366600265340677,-0.8,2498.4,19.34022865475644,-0.9,0,-9.0,False,1.7953813421809492,Stress
